FP,post_date,post_age_min,url,title,author,author_link_karma,author_comment_karma,post_score,post_upvote_ratio,comment_sentiment,num_comments,proj_rscore_prem_60,proj_rscore_prem_90
0,2021-01-19 13:10,38.33841262,https://www.reddit.com/r/wallstreetbets/comments/l0phna/fb_stupidly_undervalued_position_200k_leaps_not/,FB -> Stupidly Undervalued. Position: $200k LEAPS [Not YOLO],zYoloSensei,48,23,5,0.54,-0.357142857,37,-1.389888314,-1.39108654
0,2021-01-19 14:35,42.8694465,https://www.reddit.com/r/wallstreetbets/comments/l0rbu0/dd_tsmc_is_gonna_moon_soon/,DD - TSMC is gonna moon soon,digital_spunk,591,6408,7,0.71,0.166666667,18,-1.163307488,-1.162028383
0,2021-01-20 8:18,39.70515242,https://www.reddit.com/r/wallstreetbets/comments/l19038/stla_the_dyslexic_tsla/,STLA the Dyslexic TSLA,Ned_Flanderz,14809,40772,7,0.77,0.5,22,-0.653404798,-0.65384287
0,2021-01-20 8:32,40.99242985,https://www.reddit.com/r/wallstreetbets/comments/l197ys/fubo_nflx_quick_dd_the_best_value_stock_under_35/,$FUBO / $NFLX Quick DD - The best value stock under $35 Ready To Explode,woodncrate,374,24,16,0.81,-0.272727273,19,-0.327233963,-0.326396469
0,2021-01-20 9:27,30.5047703,https://www.reddit.com/r/wallstreetbets/comments/l1a7fj/full_gme_dcf_conservative_fair_price_59/,Full GME DCF: Conservative Fair Price $59,Brushermans,2299,2006,48,1,0.5,16,0.069256153,0.071053896
0,2021-01-20 9:53,34.5525783,https://www.reddit.com/r/wallstreetbets/comments/l1aoyy/lumn_undervalued_and_ready_to_rocket_dd/,üöÄ LUMN Undervalued and Ready to Rocket üöÄ (DD),TheHanemeister,20,0,18,0.75,0.111111111,9,-0.67337914,-0.675182307
0,2021-01-20 9:52,35.55102318,https://www.reddit.com/r/wallstreetbets/comments/l1aod7/dd_on_fizz_possibly_next_big_short_squeeze/,"DD on $FIZZ, possibly next big üöÄ short squeeze",Pcola77,32,17,1,0.52,-0.153846154,27,-1.642738141,-1.640750712
0,2021-01-20 10:02,40.50578757,https://www.reddit.com/r/wallstreetbets/comments/l1av7d/viacomcbs_investor_day/,ViacomCBS Investor day,DougFlowers,3,12,4,0.83,0.333333333,4,-1.38538565,-1.390640512
0,2021-01-20 10:17,41.11164177,https://www.reddit.com/r/wallstreetbets/comments/l1b583/callaway_part_5/,CALLaway Part 5,PlatNoFeatures,1921,2024,139,0.96,0.315789474,28,0.150041838,0.15119479
0,2021-01-20 10:15,42.8245861,https://www.reddit.com/r/wallstreetbets/comments/l1b43j/stla_trade_idea/,STLA Trade Idea,AnlamK,249,112,7,0.67,0,5,-1.178722871,-1.18019265
0,2021-01-20 10:41,31.62004872,https://www.reddit.com/r/wallstreetbets/comments/l1bmcm/why_you_should_swing_to_callawaytopgolf_ely_once/,Why you should swing to Callaway/Topgolf ($ELY) once the game stops,throvvavvay567,111,207,17,0.72,0.1,20,-0.666621293,-0.667234761
0,2021-01-20 10:49,38.6549615,https://www.reddit.com/r/wallstreetbets/comments/l1bs33/nndm_set_to_moon_low_key_aerospace_player_arkx/,"$NNDM set to Moon, low key Aerospace player - ARKX potential",t-hawk5,20,5,33,0.9,0.222222222,25,-0.475063709,-0.478773641
0,2021-01-20 11:36,36.86940442,https://www.reddit.com/r/wallstreetbets/comments/l1cphm/wallstreetbets_impact_on_the_market/,WallStreetBets Impact on the Market,pdwp90,259470,392660,112,0.96,0.4375,25,0.020565154,0.020431659
0,2021-01-20 11:55,32.75782502,https://www.reddit.com/r/wallstreetbets/comments/l1d3qo/vsto_ammo_price_to_the_moon_safe_easy_24_bagger/,"VSTO - Ammo Price to the Moon, Safe Easy 2-4 bagger",vegaseller,16883,19996,17,0.84,0,13,-0.722661833,-0.722291019
0,2021-01-20 12:41,32.11889623,https://www.reddit.com/r/wallstreetbets/comments/l1e3vu/rvlv_revolving_around_the_moon/,RVLV üöÄüöÄüöÄüöÄ Revolving around the Moon,Twixinthemix4,379,772,10,0.81,-0.166666667,6,-0.885168381,-0.88332452
0,2021-01-20 12:38,34.45148163,https://www.reddit.com/r/wallstreetbets/comments/l1e21j/ba_the_hawks_fly_at_midnight/,$BA: The hawks fly at midnight.,Footsteps_10,34247,74201,6,1,0,5,-1.142058708,-1.141009433
0,2021-01-20 12:56,31.47285382,https://www.reddit.com/r/wallstreetbets/comments/l1eg5d/nok/,$NOK üöÄ üöÄ üöÄ üöÄ üöÄ üöÄ,Shiftybidnes,249,1641,22,0.84,0.266666667,23,-0.499908598,-0.506300586
0,2021-01-20 12:50,37.65544885,https://www.reddit.com/r/wallstreetbets/comments/l1ebg0/why_corsair_crsr_is_poised_to_mooon/,Why Corsair CRSR is poised to MOOON,jmconrad,1629,1923,14,0.73,0.461538462,29,-0.784684615,-0.787291858
0,2021-01-20 13:24,34.07145203,https://www.reddit.com/r/wallstreetbets/comments/l1f2ag/tattoo_for_amd_tendies_off_earnings_week_wsb/,TATTOO FOR AMD TENDIES OFF EARNINGS WEEK (WSB TATTOO IF AMD 100+),Tsm_Nohomo,62,45,25,0.93,0.4,5,-0.415569389,-0.416775137
0,2021-01-20 14:15,43.06859618,https://www.reddit.com/r/wallstreetbets/comments/l1g67o/nokia_why_they_are_about_to_moon/,NOKIA - Why they are about to moon üöÄüåô,BookkeeperDouble,7373,1870,53,0.82,0.24,47,-0.064519076,-0.065616246
0,2021-01-20 14:36,36.88344565,https://www.reddit.com/r/wallstreetbets/comments/l1gmm4/pltr_pictures_worth_a_thousand_words_chart_dd/,PLTR Picture's worth a thousand words üöÄ (Chart DD),markisnaslind,26,13,48,0.98,0.083333333,29,-0.009356809,-0.016251205
0,2021-01-20 14:31,41.83263218,https://www.reddit.com/r/wallstreetbets/comments/l1girv/one_solid_gamma_squeeze_candidate_postgme/,One Solid Gamma Squeeze Candidate post-GME,viciousphilpy,72,200,20,0.69,0.545454545,18,-0.435461698,-0.43224362
1,2021-01-21 8:12,43.3812621,https://www.reddit.com/r/wallstreetbets/comments/l1y6u9/gme_the_short_squeeze/,GME: The short squeeze,AmazingMrIncredulous,1074,2724,159,0.97,0.533333333,44,0.870942439,0.871429861
0,2021-01-21 8:40,30.55386182,https://www.reddit.com/r/wallstreetbets/comments/l1ymxx/fubo_dd_outperform_upgrade_follow_up_on/,$FUBO DD Outperform Upgrade (Follow up on yesterdays post),woodncrate,405,24,12,0.83,0.666666667,9,-0.071943726,-0.071602073
0,2021-01-21 8:28,42.56938173,https://www.reddit.com/r/wallstreetbets/comments/l1yfpn/why_aal_is_the_next_big_play/,Why $AAL is the next big play,kolt54321,5314,8962,1,0.53,0,28,-1.307292603,-1.311337758
0,2021-01-21 8:49,36.02708697,https://www.reddit.com/r/wallstreetbets/comments/l1ysvi/andrew_left_assaulted_me_with_tangerines_a/,"Andrew Left assaulted me with tangerines, a grapefruit, four lemons, and a lime.",GoochtownSanderson,21,19,32,0.92,0,7,0.254396059,0.253818102
0,2021-01-21 8:49,36.19108058,https://www.reddit.com/r/wallstreetbets/comments/l1ysso/a_lesson_for_you_all_how_to_conduct_dd_the_easy/,A lesson for you all: How to conduct DD the easy way $BB,ondori_co,2900,9006,48,0.95,0.4,8,0.436614171,0.436378118
0,2021-01-21 8:48,37.42459525,https://www.reddit.com/r/wallstreetbets/comments/l1ys10/crosspost_from_rstocks_fairfax_financial_frfhf_an/,Crosspost from r/stocks -- Fairfax Financial (FRFHF): an undervalued play on BB,Darker_Depths,834,1586,10,0.86,-0.333333333,3,-0.270582531,-0.269705015
0,2021-01-21 9:33,37.8225567,https://www.reddit.com/r/wallstreetbets/comments/l1zjuk/pltr_full_dd_including_demo_12620_huge_catalyst/,PLTR FULL DD üöÄüöÄüöÄ[including Demo 1/26/20 (Huge CatalystüöÄ) ],sketchydragon22,793,366,36,0.89,0.454545455,19,0.017973336,0.017418128
0,2021-01-21 9:27,43.28732352,https://www.reddit.com/r/wallstreetbets/comments/l1zgca/understanding_palantir_retards_edition/,Understanding Palantir - Retards Edition,kjnkkevin,3273,515,15,0.82,0,3,-0.416054903,-0.416084294
0,2021-01-21 10:10,30.72509672,https://www.reddit.com/r/wallstreetbets/comments/l208uu/dd_on_alsn_growth_potential/,DD on $ALSN - growth potential,borditz,169,2,6,1,0,2,-0.41562568,-0.410384559
1,2021-01-21 10:13,42.16205403,https://www.reddit.com/r/wallstreetbets/comments/l20bd1/callaway_part_6/,CALLaway Part 6,PlatNoFeatures,2189,2079,143,0.97,0,19,0.651293141,0.651281924
0,2021-01-21 10:40,30.84981073,https://www.reddit.com/r/wallstreetbets/comments/l20tf6/viacomcbs_viac_sleeping_streaming_giant/,ViacomCBS (VIAC) - Sleeping Streaming Giant,Tookie_Knows,329,15769,5,0.73,0.333333333,7,-0.458293399,-0.458636723
0,2021-01-21 11:01,39.08015218,https://www.reddit.com/r/wallstreetbets/comments/l218xp/crsr_corsair_gme_dd/,CRSR (Corsair) + GME DD üöÄü•úüöÄü•úüöÄ,gordonspizza,39,217,29,0.97,0.181818182,18,0.208658539,0.21262465
0,2021-01-21 10:56,44.36132868,https://www.reddit.com/r/wallstreetbets/comments/l21526/sound_the_alarm_viac_is_the_pick_of_the_year/,Sound the Alarm! VIAC is the pick of the year!,greggo92,45,362,3,0.54,-0.5,57,-0.844982599,-0.850436721
0,2021-01-21 11:20,35.18906303,https://www.reddit.com/r/wallstreetbets/comments/l21n4g/ark_space_exploration_etf_arkx_n1a_filing/,ARK Space Exploration ETF (ARKX) N-1A Filing,learner4f,3996,202,15,1,0.166666667,15,-0.247536997,-0.247365526
0,2021-01-21 11:26,44.77907795,https://www.reddit.com/r/wallstreetbets/comments/l21rcv/nndm_low_cost_mass_production_of_computer_chips/,"$NNDM, Low Cost Mass Production of computer chips by 3rd world countries and untapped growth.",conitsts,537,2987,18,0.87,0.625,16,-0.366434262,-0.362170034
0,2021-01-21 11:47,38.36721145,https://www.reddit.com/r/wallstreetbets/comments/l227kd/pltr_gang_will_rise_again/,PLTR gang will rise again,relias119,7604,1984,36,0.91,0.090909091,26,-0.03072428,-0.02731715
0,2021-01-21 12:10,30.06206958,https://www.reddit.com/r/wallstreetbets/comments/l22qez/nvax_a_fortnight_bottlenecks_and_imminent/,"NVAX: A Fortnight, Bottlenecks, and IMMINENT Efficacy Data (urgent)",MikeTyson31,31,182,9,0.85,0.666666667,5,-0.895635149,-0.897916013
0,2021-01-21 12:06,34.14073273,https://www.reddit.com/r/wallstreetbets/comments/l22n65/bb_refueling_long_term_prospects_still_hold/,$BB Refueling Long term prospects still hold,c3youngman,92,140,83,0.98,-0.055555556,49,0.006659214,0.006544986
0,2021-01-21 12:40,30.3582314,https://www.reddit.com/r/wallstreetbets/comments/l23du0/nokia_dd_one_way_trip_to_bonerville/,$NOK(ia) DD: one way trip to Bonerville,St_McD,17130,2328,32,0.82,0.090909091,47,-0.420448012,-0.417005555
0,2021-01-21 12:32,38.47646515,https://www.reddit.com/r/wallstreetbets/comments/l237h3/strap_in_golden_nugget_online_gaming_launching_in/,üöÄ Strap In - Golden Nugget Online Gaming launching in Michigan tomorrow üöÄ,Tadvester,9,15,13,0.78,0,15,-0.924942849,-0.923253853
0,2021-01-21 12:31,39.11662998,https://www.reddit.com/r/wallstreetbets/comments/l236zn/dbx/,$DBX,sillyhands1,162,4561,6,0.87,0.333333333,12,-1.266650942,-1.264966283
0,2021-01-21 13:19,36.52417942,https://www.reddit.com/r/wallstreetbets/comments/l244h3/dd_on_bb_cfo_selling_shares/,DD on BB CFO selling shares,Fair_Chart3403,2076,5787,85,0.99,0.272727273,16,-0.016497611,-0.014055929
0,2021-01-21 13:40,30.5383705,https://www.reddit.com/r/wallstreetbets/comments/l24mao/nok_nokia/,$NOK Nokia,MentaSuave,3122,1920,29,0.91,0.071428571,15,-0.408827423,-0.411338162
0,2021-01-21 14:37,33.47447377,https://www.reddit.com/r/wallstreetbets/comments/l25vxe/ely_callaway_our_way_to_the/,üöÄüöÄüöÄ $ELY CALLaway üèåÔ∏èüèåÔ∏è our way to the üåïüåï üöÄüöÄüöÄ,randomhardo,1834,1968,28,0.89,-0.333333333,14,-0.54160687,-0.540460293
0,2021-01-21 14:53,32.53864315,https://www.reddit.com/r/wallstreetbets/comments/l268a1/fear_uncertainty_and_doubt_fud_why_the_gay_bears/,"Fear, Uncertainty, and Doubt (FUD): Why the gay bears üåàüêª are pushing it",angelofkarma,21,16,34,1,0,5,-0.461745832,-0.463639442
0,2021-01-21 14:49,36.12519632,https://www.reddit.com/r/wallstreetbets/comments/l265my/dont_make_me_say_i_told_you_soagain_last_call_spce/,Don‚Äôt make me say I told you so...again. Last call SPCE,hooman_or_whatever,1558,1207,8,0.9,1,1,-1.138385334,-1.14290486
1,2021-01-22 7:55,43.15627428,https://www.reddit.com/r/wallstreetbets/comments/l2n5wv/most_of_you_are_helping_the_gme_shorts_and_you/,Most of you are helping the GME shorts and you don't even know it,CalamariAce,357,1114,133,0.95,0.615384615,71,0.728347194,0.727864215
0,2021-01-22 8:36,31.94154458,https://www.reddit.com/r/wallstreetbets/comments/l2nv90/the_ultimate_meme_stock_woof_wsb_idiot_dd/,"The ultimate meme stock, $WOOF! WSB Idiot DD",Whyisthereasnake,11222,37121,22,0.8,0.076923077,35,0.123558646,0.12706951
0,2021-01-22 9:03,34.94035885,https://www.reddit.com/r/wallstreetbets/comments/l2ocrt/goev_dd_real_dd_real_rockets_long/,"GOEV DD - Real DD, Real Rockets üöÄüöÄüöÄ [Long]",ParlayYouSay,1183,1648,32,0.94,0.25,21,0.25805325,0.260016424
1,2021-01-22 10:04,34.47675853,https://www.reddit.com/r/wallstreetbets/comments/l2pi0h/callaway_part_7/,CALLaway Part 7,PlatNoFeatures,2636,2264,205,0.98,-0.142857143,16,0.921120773,0.920813654
0,2021-01-22 10:22,31.13588545,https://www.reddit.com/r/wallstreetbets/comments/l2puic/is_crsr_the_next_short_squeeze/,Is CRSR the next short squeeze?,Kjohnstonuscg,63,1331,4,0.55,0.4,21,-0.795891286,-0.797370619
0,2021-01-22 10:21,32.5133612,https://www.reddit.com/r/wallstreetbets/comments/l2ptn1/paypal_earnings_coming_out_february_3rd_will_be/,"PayPal earnings, coming out February 3rd, will be mind-blowing!!!!",grit_and_gratitude,13,2,21,0.96,-0.3,14,-0.096267159,-0.096275371
0,2021-01-22 10:31,37.15330768,https://www.reddit.com/r/wallstreetbets/comments/l2q0nb/follow_the_dao/,Follow the DAO,investporra,5,9,8,0.83,0.2,9,-0.622053553,-0.622732846
0,2021-01-22 10:53,30.285217,https://www.reddit.com/r/wallstreetbets/comments/l2qgh9/yall_are_sleeping_on_stellantis_stla/,Ya'll are sleeping on Stellantis $STLA,Ned_Flanderz,14824,40920,2,0.58,-0.1,18,-1.21405133,-1.215791416
0,2021-01-22 10:56,42.01434472,https://www.reddit.com/r/wallstreetbets/comments/l2qiws/crsr_earnings_play/,CRSR Earnings Play,ThisistheEndMyFren,71,129,13,0.93,0.25,6,-0.701392031,-0.704396301
0,2021-01-22 11:33,35.45926467,https://www.reddit.com/r/wallstreetbets/comments/l2raqo/dd_on_gme_that_was_removed_by_the_mods_yesterday/,DD on GME that was removed by the mods yesterday. Explains why the bomb is going to blow.,fearholdsusback,1481,6834,115,0.88,0.25,82,0.125640236,0.126316494
0,2021-01-22 11:31,37.6668473,https://www.reddit.com/r/wallstreetbets/comments/l2r921/anyone_not_buying_crsr_is_a_retard/,Anyone not buying CRSR is a retard,jmconrad,1729,1964,18,0.78,0.2,18,-0.715748268,-0.714255041
0,2021-01-22 11:24,43.80746755,https://www.reddit.com/r/wallstreetbets/comments/l2r4ix/pltr_triangle_broke_strap_in_we_goin_to_the_and/,PLTR Triangle broke! Strap in üöÄ we goin to the üåô and we still got two trading days before DDay!,markisnaslind,163,38,90,0.96,0.0625,29,-0.08476477,-0.085681182
0,2021-01-22 12:08,30.20287848,https://www.reddit.com/r/wallstreetbets/comments/l2s1px/tsm_world_domination_beyond_the_moon/,üöÄTSM World Domination: Beyond the moon.,keenanodonnell1,3464,985,7,0.77,0.5,10,-0.878130367,-0.875017458
0,2021-01-22 11:56,41.97092723,https://www.reddit.com/r/wallstreetbets/comments/l2rsk5/3_reasons_why_ah_is_the_next_gme/,üööüöÄ 3 reasons why AH is the next GME üõíüöÄ,Most_Insane_F2P,1086,6876,0,0.25,-0.285714286,22,-2.033498507,-2.212851645
0,2021-01-22 13:59,39.42505403,https://www.reddit.com/r/wallstreetbets/comments/l2uen3/changes_to_callsputs_open_interest_holdings/,"Changes to Calls/Puts Open Interest Holdings Thursday, January 21 End of Day",628rand,149,9,6,0.87,0,7,-1.529684947,-1.528158684
0,2021-01-22 14:36,32.60806498,https://www.reddit.com/r/wallstreetbets/comments/l2v6tb/mots_motus_gi_holdings_dd_or_how_to_get_rich_on/,$MOTS - Motus GI Holdings DD or How to Get Rich on Colonoscopy,constantine_fry,177,7,0,0.45,-0.333333333,11,-2.471655719,-2.647261213
0,2021-01-22 14:32,36.10015685,https://www.reddit.com/r/wallstreetbets/comments/l2v46t/bb_vs_gme/,BB vs. GME,HeraldKing20,69,-2,16,0.59,0.142857143,30,-1.079490913,-1.077887209
0,2021-01-22 14:31,37.25393188,https://www.reddit.com/r/wallstreetbets/comments/l2v3d1/awww_did_you_miss_out_on_gme_lemme_tell_you_your/,AWWW did you miss out on GME? Lemme $TELL you your next multi bagger,chuckoneil,96,275,0,0.21,-0.2,19,-2.476648014,-2.653120612
0,2021-01-22 14:29,39.47652093,https://www.reddit.com/r/wallstreetbets/comments/l2v1l9/nndm/,NNDM üöÄüåö,Macnamera,62,1326,11,0.87,0,8,-1.256296166,-1.256882445
0,2021-01-22 14:28,40.18107537,https://www.reddit.com/r/wallstreetbets/comments/l2v13k/simple_math_for_dummies_and_how_we_can_win/,"Simple Math for Dummies, and How we can Win.",SuSpence11,117,2707,19,0.79,0.285714286,12,-1.006417918,-1.005674255
0,2021-01-22 14:52,31.67857642,https://www.reddit.com/r/wallstreetbets/comments/l2viv2/bb_should_be_trading_at_80/,BB should be trading at $80,froaway007,189,8833,74,0.85,0.058823529,32,-0.318326004,-0.317059789
0,2021-01-22 14:48,35.55320677,https://www.reddit.com/r/wallstreetbets/comments/l2vg5o/_/,üöÄüöÄüöÄüöÄüöÄ,smokeouid,100,165,19,0.7,-0.08,40,-0.981097661,-0.980425693
0,2021-01-25 9:04,37.74356602,https://www.reddit.com/r/wallstreetbets/comments/l4ogq9/callaway_golf_ely_earnings_estimate_long_term/,"üöÄüöÄüöÄCallaway Golf $ELY Earnings Estimate, Long Term Target and Topgolf DD üöÄüöÄüöÄ",lFUCK,518,102,63,0.9,0.1,17,-0.091730525,-0.090526124
0,2021-01-25 11:30,41.87391597,https://www.reddit.com/r/wallstreetbets/comments/l4rds9/gme_dd/,GME DD,Thickest_Foreskin,33,2,47,0.98,0.166666667,9,-0.85259518,-0.852325581
0,2021-01-25 12:12,30.09476117,https://www.reddit.com/r/wallstreetbets/comments/l4sb4t/dissecting_why_gme_went_up_so_bigly_and_is_the/,"Dissecting why GME went up so bigly, and is the next one BBBY?",1poundbookingfee,247784,53795,0,0.43,0,12,-2.582054282,-2.757483816
0,2021-01-25 12:54,32.8668498,https://www.reddit.com/r/wallstreetbets/comments/l4t8wn/sbux_dd_126_er/,$SBUX DD -- 1/26 ER,tombradyskisses,45,51,6,0.56,-0.3,26,-1.621420556,-1.621491916
0,2021-01-25 13:04,37.70486153,https://www.reddit.com/r/wallstreetbets/comments/l4tha5/big_days_coming/,Big days coming,jakubwlcz,38240,34824,143,0.95,0.263157895,34,-0.482620563,-0.482820135
1,2021-01-25 13:20,37.14805825,https://www.reddit.com/r/wallstreetbets/comments/l4tu4r/why_im_holding_gme_and_why_you_should_too/,Why I‚Äôm Holding GME and why you should too.,SuperCoolHoolaPool,2090,2915,987,0.98,0.141414141,214,0.391932431,0.391882412
0,2021-01-25 13:53,33.32263807,https://www.reddit.com/r/wallstreetbets/comments/l4ulev/someone_just_bought_79000_contracts_of_ge_115/,"Someone just bought 79,000 contracts of GE 11.5 calls",veritasinvestments,3621,5405,334,0.96,0.029411765,81,0.04032421,0.039603089
0,2021-01-25 13:49,37.9748157,https://www.reddit.com/r/wallstreetbets/comments/l4uhms/comparing_the_gme_squeeze_to_the_vw_squeeze_needs/,Comparing the GME squeeze to the VW squeeze needs to stop.,horny131313,6889,2835,231,0.83,0.142857143,70,-0.180532531,-0.182758924
1,2021-01-25 14:03,38.43564563,https://www.reddit.com/r/wallstreetbets/comments/l4utic/79851_gme_call_options_expire_friday/,"79,851 GME call options expire Friday",QuinZ33,3339,166522,607,0.99,0.220588235,199,0.251665169,0.263400519
0,2021-01-25 14:26,30.55213565,https://www.reddit.com/r/wallstreetbets/comments/l4vbyi/why_fubo_is_the_next_gme_roku_and_dkngpenn/,"Why FUBO is the next GME, ROKU, and DKNG/PENN",restioned,830,3538,0,0.4,0.076923077,31,-2.685122295,-2.861102041
0,2021-01-25 14:51,35.80481022,https://www.reddit.com/r/wallstreetbets/comments/l4vw69/why_im_in_on_nokia_nok_dd/,Why I'm in on üöÄNokia (NOK) - DD,Laroxide,494,505,277,0.92,0.195652174,85,0.027075088,0.027164531
0,2021-01-26 8:26,44.28680158,https://www.reddit.com/r/wallstreetbets/comments/l5dy3w/is_lockheed_martin_undervalued/,Is Lockheed Martin Undervalued?,Jaja89,9955,6181,0,0.34,-0.058823529,30,-2.099872387,-2.275184996
1,2021-01-26 8:26,44.53092037,https://www.reddit.com/r/wallstreetbets/comments/l5dxzz/i_went_from_100k_to_1m_last_year_and_why_nok_is/,I went from 100K to >1M last year and why $NOK is the easiest next üöÄüöÄüöÄüöÄ I've ever seen (DD MEGA COMPILATION),absolutcity,1749,6857,248,0.7,0,111,0.425814834,0.42487803
0,2021-01-26 9:43,42.75388748,https://www.reddit.com/r/wallstreetbets/comments/l5fcfh/bb_dd_from_a_real_investor_worth_reading/,$BB DD from a real investor - worth reading,vlookup90,146,-6,0,0.39,-0.2,79,-2.4745512,-2.650554505
0,2021-01-26 10:39,31.529392,https://www.reddit.com/r/wallstreetbets/comments/l5ggu6/flws_calls_0219_34c/,FLWS Calls - 02/19 34C,DrunkenOrangutan,30,15,0,0.19,0,2,-2.565435646,-2.738382038
0,2021-01-26 10:36,34.66349288,https://www.reddit.com/r/wallstreetbets/comments/l5genc/callaway_part_9_part_3/,CALLaway Part 9 (Part 3),PlatNoFeatures,3391,2629,165,0.91,0.181818182,25,-0.107494698,-0.107718669
0,2021-01-26 10:41,44.57124618,https://www.reddit.com/r/wallstreetbets/comments/l5gid5/mac_dd_the_rocket_is_literally_right_about_to/,MAC üöÄüöÄ DD The rocket is literally right about to lift off,Annoyedatreddit1,5584,10220,0,0.15,0,11,-2.64305251,-2.818884093
0,2021-01-26 10:59,41.83627327,https://www.reddit.com/r/wallstreetbets/comments/l5gv9p/new_gme_member_orientation_before_blast_off_the/,New GME member orientation before blast off: The squeeze has not been squoze (üíéüôå = üöÄüöÄüöÄ),mallcop2020,309,16,368,0.98,0.142857143,48,0.093086124,0.092943287
0,2021-01-26 11:47,38.6554819,https://www.reddit.com/r/wallstreetbets/comments/l5hwiu/microvisions_macrovision_the_story_of_an/,Microvision's Macrovision - The Story of An Undervalued Stock on its Journey to the MOONüöÄüöÄüöÄüöÄüöÄ,campbell85,117,315,31,0.64,0.105263158,50,-0.891902288,-0.890282715
0,2021-01-26 12:30,40.08840057,https://www.reddit.com/r/wallstreetbets/comments/l5iuwb/callaway_golf_ely_earnings_estimate_long_term/,"üöÄüöÄüöÄCallaway Golf $ELY Earnings Estimate, Long Term Target and Topgolf DD üöÄüöÄüöÄ",lFUCK,621,111,29,0.7,0.285714286,12,-1.040820764,-1.041130487
0,2021-01-26 13:29,41.33391377,https://www.reddit.com/r/wallstreetbets/comments/l5k5sh/ko_no_reading_required/,$KO - No reading required,Shiftybidnes,332,1779,0,0.31,0.230769231,21,-2.777716074,-2.954642794
0,2021-01-26 13:29,41.49394703,https://www.reddit.com/r/wallstreetbets/comments/l5k5pb/someone_bought_6000_calls_of_fubo_42_strike_for/,"Someone bought 6000 calls of FUBO 42 strike for Friday, intended to kill the Kerrisdale and Lightshed",veritasinvestments,6612,6041,32,0.64,0.125,28,-1.113896442,-1.114324688
0,2021-01-26 13:50,34.98188102,https://www.reddit.com/r/wallstreetbets/comments/l5kmx5/vsto_earnings_on_february_the_4th_load_up_boys/,VSTO earnings on February the 4th. (load up boys),prpic123,153,660,0,0.35,0,9,-2.84819548,-3.024927329
0,2021-01-26 13:59,41.86419715,https://www.reddit.com/r/wallstreetbets/comments/l5ktai/did_you_forget_about_amd_today/,Did you forget about AMD today?,ironicshelf,4220,2798,0,0.36,-0.0625,23,-2.837975257,-3.014014244
0,2021-01-26 13:56,44.14958687,https://www.reddit.com/r/wallstreetbets/comments/l5krhm/smile_direct_club_sdc/,Smile. Direct. Club. ($SDC),InteractiveBook,79,867,0,0.3,-0.125,20,-2.841167478,-3.016684136
0,2021-01-26 14:26,44.06149042,https://www.reddit.com/r/wallstreetbets/comments/l5lg4y/child_of_chamath_clov/,Child of Chamath: $CLOV,tatbat1,221,40,4,0.53,-0.2,28,-2.060627668,-2.060708897
1,2021-01-26 14:50,35.0732959,https://www.reddit.com/r/wallstreetbets/comments/l5lzgg/notes_from_closed_door_meetings_i_wont_mention/,"Notes from closed door meetings, i won't mention the fund - but this is their plan with GME",heapsp,12872,35429,1344,0.97,0.036231884,229,0.541979704,0.540387047
0,2021-01-28 12:36,43.36936973,https://www.reddit.com/r/wallstreetbets/comments/l73d9v/fubo_dd_connecting_the_dots_this_thing_is_going/,"$FUBO DD - Connecting the dots, this thing is going to be a MONSTER.",alexl_4,4894,988,61,0.67,0.416666667,30,-1.988009228,-1.988112169
0,2021-01-28 14:32,32.11253973,https://www.reddit.com/r/wallstreetbets/comments/l768ii/no_we_didnt_actually_shortsqueeze_gme_we_had_very/,"No, we didn't actually short-squeeze $GME, we had very little impact actually",ReeingLib,132365,26887,0,0.2,-0.206521739,139,-3.877726278,-4.051240663
0,2021-01-28 14:32,32.43997662,https://www.reddit.com/r/wallstreetbets/comments/l76885/the_silver_short_squeeze_is_just_beginning/,The silver short squeeze is just beginning,Hay-Lush-Ka,3288,361,66,0.54,0.052631579,88,-1.778635231,-1.778926658
0,2021-01-28 14:37,42.48437287,https://www.reddit.com/r/wallstreetbets/comments/l76d6r/stop_loss_sweeps_how_the_game_is_being_rigged/,Stop Loss Sweeps - How The Game is Being Rigged,Tsukune_Surprise,13289,128163,521,0.99,-0.36,70,-1.047125509,-1.047372901
0,2021-01-29 9:25,33.38959055,https://www.reddit.com/r/wallstreetbets/comments/l7trd5/pernicious_investment_corporations_and_boomer/,"Pernicious Investment Corporations and Boomer Money, The Inside Scoop!",Azihayya,1767,5740,55,0.81,-0.090909091,27,-1.612476085,-1.615115985
0,2021-01-29 9:16,41.9945252,https://www.reddit.com/r/wallstreetbets/comments/l7tkfo/10_popular_hedge_fund_shorts_that_could_get/,"10 Popular Hedge Fund Shorts That Could Get Squeezed Next - AMD, ADI, CMG, DUK, GME - Dow Jones Newswire - Marketwatch",Neubtrino,5027,4138,94,0.67,0.178571429,75,-1.480936871,-1.481531597
0,2021-01-29 9:52,36.77173775,https://www.reddit.com/r/wallstreetbets/comments/l7udel/robinhood_is_limiting_to_5_share_buys_dont_sell/,"Robinhood is limiting to 5 share buys DON'T SELL, REMEMBER to also set a $5000+ limit order",MrNobodyX3,80390,20946,173,0.98,-0.176470588,41,-1.18500382,-1.184108685
0,2021-01-29 9:49,38.90669135,https://www.reddit.com/r/wallstreetbets/comments/l7ubic/gpro_let_it_run/,GPRO - Let it RUN!,Aslad24,1100,169,0,0.45,-0.333333333,15,-3.637582528,-3.814238729
0,2021-01-29 10:13,30.33075877,https://www.reddit.com/r/wallstreetbets/comments/l7uxqf/stpk_tendies/,$STPK TENDIES üöÄ,Ragstuh,42,308,0,0.47,-1,4,-3.613789177,-3.789934715
0,2021-01-29 10:11,32.47825275,https://www.reddit.com/r/wallstreetbets/comments/l7uvv0/rocket_mortgage_rkt_to_rocket_up_to_the_moon/,ROCKET MORTGAGE (rkt) to rocket up to the moon. Price target 160 and trading st 23. Short interest increasing higher for the last 6 months every week,ballindan,638,757,3,0.53,0,13,-2.87285481,-2.87312569
0,2021-01-29 10:10,33.0614511,https://www.reddit.com/r/wallstreetbets/comments/l7uvcg/we_are_doing_silver_squeeze_wrong/,We are doing silver squeeze wrong,negovany,20448,14239,36,0.74,0,24,-1.790153999,-1.790271447
0,2021-01-29 10:10,33.34547207,https://www.reddit.com/r/wallstreetbets/comments/l7uv4n/any_big_drops_with_low_volumes_are_likely_short/,Any big drops with low volumes are likely short ladder attack!,The_Prophet_85,130,7526,69,1,0,7,-1.523696006,-1.523420666
0,2021-01-29 10:08,35.0664662,https://www.reddit.com/r/wallstreetbets/comments/l7utju/sell_limit_set_at_15000_fuck_these_guys_gme/,"Sell limit set at $15,000, fuck these guys GME",i-am-kyle-m,4902,243,63,0.96,-0.25,17,-1.586918783,-1.587201326
0,2021-01-29 10:51,37.16220245,https://www.reddit.com/r/wallstreetbets/comments/l7vwss/amarin_corporation_about_to_shift_from_loss_to/,Amarin Corporation About To Shift From Loss To Profit,stillness0072,13111,244,0,0.33,0.153846154,18,-3.667794156,-3.843801135
0,2021-01-29 10:59,43.96873552,https://www.reddit.com/r/wallstreetbets/comments/l7w47e/nok_dd_ahead_of_earnings_feb_4th/,NOK DD ahead of earnings (Feb 4th),thepillowco,342,111,506,0.93,0.474226804,220,-0.803221506,-0.803721388
0,2021-01-29 11:25,33.20809715,https://www.reddit.com/r/wallstreetbets/comments/l7wsgy/connecting_gme_citadel_tsla/,Connecting GME Citadel TSLA,coup2coup,552,204,172,0.94,-0.083333333,31,-1.127781265,-1.128183617
0,2021-01-29 11:40,32.88419438,https://www.reddit.com/r/wallstreetbets/comments/l7x6j1/gamestop_big_picture_the_short_singularity_pt_3/,"Gamestop Big Picture: The Short Singularity Pt 3 - WTF edition crosspost r/investing (I know), but its actually interesting and deserves more exposure",flat_line_,486,1838,135,0.97,0.264705882,67,-1.211778012,-1.212169197
0,2021-01-29 12:13,30.04519887,https://www.reddit.com/r/wallstreetbets/comments/l7y23l/3_important_gme_messages_everyone_should_be_aware/,3 Important GME messages everyone should be aware of,throwawaydonaldinho,420,7950,635,0.99,0.113207547,207,-0.488193174,-0.487496394
0,2021-01-29 12:02,41.05426102,https://www.reddit.com/r/wallstreetbets/comments/l7xrab/institutional_ownership_of_gme_is_well_over_100/,Institutional Ownership of GME is well over 100%. How do shorts cover?,channingman,16585,52695,213,0.98,0.083333333,95,-1.112892865,-1.111969069
0,2021-01-29 12:23,35.51917732,https://www.reddit.com/r/wallstreetbets/comments/l7yb3d/no_robinhood_webull_and_other_brokers_who_limited/,"No, Robinhood, Webull, and other brokers who limited buying yesterday are not colluding. This is the real reason behind brokers restricting buying $GME, $AMC, etc.",InvincibearREAL,2995,10092,175,0.76,-0.166666667,103,-1.160650222,-1.162333475
0,2021-01-29 12:43,30.23445195,https://www.reddit.com/r/wallstreetbets/comments/l7yu3k/we_hold_till_theyre_bankrupt_supposedly_current/,WE HOLD TILL THEY'RE BANKRUPT - Supposedly Current SI on GME/AMC - üíéüôåüíéüôåüíéüôå,inconspicuousITguy,1111,816,481,0.99,0.196078431,175,-0.686786446,-0.688916474
0,2021-01-29 12:37,36.17043342,https://www.reddit.com/r/wallstreetbets/comments/l7yogv/why_the_short_squeeze_cannot_go_on_forever/,Why the Short Squeeze cannot go on forever,herk_destro,355,7513,339,0.9,0.206896552,88,-0.928762642,-0.925054823
0,2021-01-29 12:50,38.28542275,https://www.reddit.com/r/wallstreetbets/comments/l7z0u9/the_gme_shorts_endgame_information_purposes_only/,The GME shorts' endgame. INFORMATION PURPOSES ONLY.,TheKageyOne,1999,6224,736,0.98,0.018867925,151,-0.61965684,-0.61975389
0,2021-01-29 13:05,38.2888162,https://www.reddit.com/r/wallstreetbets/comments/l7zfpe/lets_debunk_a_few_things_about_gamestop_and/,Let's debunk a few things about Gamestop and Melvin because this is getting ridiculous!,ThisIsBartRick,809,4665,0,0.31,-0.132653061,209,-3.674968689,-3.851689978
0,2021-01-29 13:25,32.90225207,https://www.reddit.com/r/wallstreetbets/comments/l7zzg0/silver_an_undervalued_inflation_hedge_with_short/,"Silver, an undervalued inflation hedge with short squeeze potential",Hay-Lush-Ka,3843,621,105,0.61,0,75,-1.435228346,-1.435620428
0,2021-01-29 13:39,34.33348368,https://www.reddit.com/r/wallstreetbets/comments/l80cd8/robinhood_sipc_insurance_and_why_it_could_matter/,"Robinhood & SIPC Insurance, and why it could matter if RH takes their ball and goes crying home to daddy (again)",TheTangoFox,9995,79448,191,0.92,-0.1875,38,-1.17387087,-1.174177054
0,2021-01-29 13:33,40.44854903,https://www.reddit.com/r/wallstreetbets/comments/l806ec/129_market_dynamics_gme_should_be_1000_systemic/,"1-29 Market Dynamics, GME Should be $1000+, Systemic Risk Fears. Watch out today!",Unlucky-Prize,12507,34205,473,0.89,0.139534884,134,-0.855675736,-0.85600135
0,2021-01-29 13:30,43.12562005,https://www.reddit.com/r/wallstreetbets/comments/l803zd/gme_reality_check_days_to_cover_short_ratio_as_of/,GME Reality Check - Days to cover / Short Ratio (as of 01/29/2021),swatprats,324,405,398,0.93,0.125,193,-0.964399338,-0.964654208
0,2021-02-01 8:04,35.50043422,https://www.reddit.com/r/wallstreetbets/comments/la2laa/gme_price_target_279770_after_short_squeeze/,"GME price target $2,797.70 after short squeeze.",vote4gordo,440,3022,520,0.91,0.4,98,-0.157264899,-0.158562789
0,2021-02-01 8:18,36.0958775,https://insiderfinancial.com/reddit-rebellion-targeting-the-short-mafia-next/180939/,"HUGE ARTICLE about the Reddit Rebellion and the Short Mafia. The next targets are Feuersteins Fabulous Five - CYDY, AMPE, NWBO, CVM, SRNE",breckskifan,33,40,0,0.07,-0.5,35,-3.113986227,-3.29003025
0,2021-02-01 9:49,34.66065362,https://www.reddit.com/r/wallstreetbets/comments/la4pt3/incredible_amd_financial_report_that_seemingly/,Incredible AMD financial report that seemingly flew under the radar during all these GME posts,sillyhands1,2656,5608,151,0.79,0.5,55,-0.958093842,-0.958102941
0,2021-02-01 10:20,34.23467742,https://www.reddit.com/r/wallstreetbets/comments/la5g5f/bang_is_bs_slv_is_bs_there_is_only_one_squeeze/,BANG is BS. SLV is BS. There is only one squeeze. Game üöÄ Stop.,pblack476,906,3817,195,0.72,0.066666667,37,-0.984423056,-0.983765424
0,2021-02-01 10:19,35.28735928,https://www.reddit.com/r/wallstreetbets/comments/la5f82/amzn_earnings_tomorrow/,AMZN earnings tomorrow,imagine-grace,70,275,0,0.25,-0.083333333,19,-3.516460054,-3.692840399
1,2021-02-01 10:18,35.84084032,https://www.reddit.com/r/wallstreetbets/comments/la5erh/to_all_the_autists_selling_gme_and_reacting_to/,To all the autists selling GME and reacting to the news,1x2BettingAcademy,2341,767,2079,0.96,0.10483871,281,0.03181858,0.030748285
0,2021-02-01 10:47,36.65344277,https://www.reddit.com/r/wallstreetbets/comments/la654r/gme_short_interest_news_use_with_caution/,GME short interest news - use with caution,lookInto1t,1727,513,114,0.79,-0.227272727,52,-1.33612375,-1.336735134
0,2021-02-01 10:45,38.6402298,https://www.reddit.com/r/wallstreetbets/comments/la63cx/fubo_dd/,$FUBO DD,megustaelgato,71,5685,0,0.25,0.363636364,20,-3.609184043,-3.785574584
0,2021-02-01 11:02,37.23396903,https://www.reddit.com/r/wallstreetbets/comments/la6ibw/more_trickery_gme_attack_explained/,MORE TRICKERY: GME attack explained,OhNoWasabiAhead,762,27961,187,0.99,0,27,-1.125551544,-1.125958858
0,2021-02-01 11:01,38.2531444,https://www.reddit.com/r/wallstreetbets/comments/la6hca/strategy_supplement_gme_losses_while_you_hold_by/,STRATEGY: Supplement GME losses while you HOLD by buying Amazon (AMZN)--it's going to moon tomorrow,onemanstrong,20534,7307,0,0.14,-0.076923077,47,-3.610344604,-3.785416188
0,2021-02-01 11:21,33.17274988,https://www.reddit.com/r/wallstreetbets/comments/la6znb/ford_motor_company_will_they_respond_to_gm_with/,"Ford Motor Company, will they respond to GM with an all electric model lineup?",NowWeAreInABlender,3853,1239,2,0.51,0,48,-3.061954298,-3.062063398
0,2021-02-01 11:37,32.44017537,https://www.reddit.com/r/wallstreetbets/comments/la7du0/progressive_at_july_lows/,Progressive at July Lows,Killtrend,49864,80223,23,0.65,0.142857143,29,-1.930112902,-1.903564856
0,2021-02-01 11:34,35.07572088,https://www.reddit.com/r/wallstreetbets/comments/la7bhj/gme_mms_have_until_tomorrow_22_to_buy_shares_it/,GME: MMs have until TOMORROW 2/2 to buy shares!! It can be anytime TODAY or TOMORROW! HOLD STRONG üíéüëãüíéüëãüíéüëãüöÄüöÄ,enter--matrix,10468,4102,663,0.99,0.357142857,118,-0.527415738,-0.526683565
0,2021-02-01 11:26,43.63693718,https://www.reddit.com/r/wallstreetbets/comments/la73ue/vanguard_no_longer_letting_you_trade_stocks_on/,Vanguard no longer letting you trade stocks on new money in account.,i_miss_old_reddit,125,6478,101,0.96,-0.125,61,-1.456156575,-1.45416443
0,2021-02-01 11:55,43.99577772,https://www.reddit.com/r/wallstreetbets/comments/la7ua3/a_quick_word_about_the_current_silver_situation_dd/,A quick word about the current silver situation. (DD),Kodono,1236,11200,0,0.23,-0.173913043,87,-3.531803305,-3.707934
0,2021-02-01 12:37,32.46872592,https://www.reddit.com/r/wallstreetbets/comments/la8wrq/10_reasons_why_there_is_a_silversqueeze_and_why/,10 reasons why there is a #silversqueeze and why media is falsely saying WSB is the catalyst,mead_guy,47,95,0,0.43,0.2,24,-3.552371702,-3.728366209
0,2021-02-01 12:25,44.49754845,https://www.reddit.com/r/wallstreetbets/comments/la8lta/f_ford_and_google_partnership/,$F ford and google partnership,sibekp,1356,2996,86,0.7,0.35,74,-1.510834817,-1.509863192
0,2021-02-01 12:44,39.55740433,https://www.reddit.com/r/wallstreetbets/comments/la946l/report_on_gme_over_100_pages/,üôåüöÄüíé REPORT ON GME (OVER 100 PAGES) üíéüöÄüôå,ShortTheNasdaq,1392,770,138,0.97,0.263157895,55,-1.295029009,-1.299611304
0,2021-02-01 13:19,34.90402555,https://www.reddit.com/r/wallstreetbets/comments/la9zd0/a_theory_on_why_investing_in_slv_isnt_going_to/,A theory on why investing in SLV isn't going to end well.,ChoicePound5745,416,899,257,0.86,0,89,-0.926278485,-0.926463597
0,2021-02-01 14:04,34.67618673,https://www.reddit.com/r/wallstreetbets/comments/lab4m5/gme_and_amc_is_a_dying_horse_anyone_still_in_it/,"GME and AMC is a dying horse. Anyone still in it bought at peak, now trying to increase the stock to unrealistic prices",PikeEater47,9100,1072,0,0.07,0.1,180,-3.573787858,-3.74993333
0,2021-02-01 14:21,33.0357549,https://www.reddit.com/r/wallstreetbets/comments/labjog/spwr_high_short_interest_solid_company_bright/,"$SPWR - high short interest, solid company, bright future, NO PSYOP",VocalMajority,608,10638,0,0.32,-0.285714286,25,-3.570699855,-3.746832614
0,2021-02-01 14:10,44.12203875,https://www.reddit.com/r/wallstreetbets/comments/lab9sk/the_rolling_20s_leaps_on_cannabis/,The Rolling 20‚Äôs - LEAPs on Cannabis,seebz69,135316,13207,68,0.7,0.181818182,41,-1.619535899,-1.620032268
0,2021-02-01 14:32,37.292985,https://www.reddit.com/r/wallstreetbets/comments/labtag/remx_the_less_volatile_way_to_play_derivates_rare/,REMX - The less volatile way to play derivates (rare earth metals) of the EV and Renewable Energy craze?,userfees,4,96,0,0.29,-0.25,9,-3.569925776,-3.74659626
0,2021-02-01 14:54,30.07450625,https://www.reddit.com/r/wallstreetbets/comments/laccqy/why_you_definitely_should_not_under_any/,"WHY YOU DEFINITELY SHOULD NOT UNDER ANY CIRCUMSTANCE FALL FOR ALL THE SILVER SCAMS!!! CAREFUL, YOU ARE BEING PLAYED BY THE MOST POWERFUL ELITE ON THE PLANET!!!",Vivalyrian,7617,72304,795,0.94,0.117647059,58,-0.393805849,-0.394145665
0,2021-02-01 14:52,31.89047937,https://www.reddit.com/r/wallstreetbets/comments/lacbau/some_dd_for_your_bb/,Some DD for your BB,EatTacosGetMoney,286,2382,191,0.95,0.307692308,41,-1.03936179,-1.041328131
0,2021-02-01 14:48,36.3206727,https://www.reddit.com/r/wallstreetbets/comments/lac7jl/stay_away_from_silver/,Stay Away From Silver!,LegalHelpNeeded3,10768,20734,579,0.96,-0.4,82,-0.625331258,-0.627101198
1,2021-02-01 14:47,37.66893485,https://www.reddit.com/r/wallstreetbets/comments/lac6gk/sec_data_out_they_dont_have_shares_to_settle_so/,SEC Data Out: They don't have shares to settle SO HOLD!!,tendy_capital,7652,1079,4381,1,0.083333333,443,0.241601782,0.243445414
0,2021-02-09 9:04,34.03394295,https://www.reddit.com/r/wallstreetbets/comments/lg3zf4/crsr_crushed_expectationsand_why_its_the_cheapest/,$CRSR crushed expectations...and why it's the cheapest growth stock right now üöÄüöÄüöÄ,upvoteifurgey,168266,202887,55,0.87,0.3,27,-0.162106273,-0.162141521
0,2021-02-09 9:10,33.36065035,https://www.reddit.com/r/wallstreetbets/comments/lg43fp/corsair_earnings_report/,Corsair Earnings Report,SimpleChemist,4014,16513,49,0.93,0.166666667,29,-0.202231222,-0.202329732
1,2021-02-09 9:29,34.16482052,https://www.reddit.com/r/wallstreetbets/comments/lg4gx4/daddys_dd_of_the_week_bb/,Daddy's DD of the week: $BB,mattxmortigan,10359,7958,86,0.93,0.666666667,24,-0.108802658,-0.109068245
0,2021-02-09 9:38,30.06455337,https://www.reddit.com/r/wallstreetbets/comments/lg4nhd/iwm_calls_looking_like_super_tasty_tendies_super/,IWM Calls looking like super tasty tendies: Super Short DD,icantreadright,15,562,0,0.5,0,5,-2.268964537,-2.445026662
0,2021-02-09 9:43,30.74720438,https://www.reddit.com/r/wallstreetbets/comments/lg4qkd/cgc_a_goliath_on_their_last_legs/,$CGC - A goliath on their last legs.,Footsteps_10,34287,76691,31,0.79,0.5,25,-0.511013895,-0.511254132
0,2021-02-09 9:40,33.27860138,https://www.reddit.com/r/wallstreetbets/comments/lg4oot/this_isnt_gme_its_sony_sne_dd_console_cycle/,"This isn't GME. It's Sony SNE DD, Console Cycle, undervalued blah blah rockets",Wonderboi1995,23,127,13,0.74,0,3,-0.926060646,-0.92625942
0,2021-02-09 10:01,32.24398655,https://www.reddit.com/r/wallstreetbets/comments/lg54cr/pton_short_term_technical_play_long_term/,"PTON - Short term technical play, Long term extremely bullish üöÄüöÄüöÄ",BA_calls,154,15445,28,0.76,0.75,18,-0.674767151,-0.674754836
0,2021-02-09 10:23,30.05909877,https://www.reddit.com/r/wallstreetbets/comments/lg5lq3/aphriatilray_merger/,Aphria/Tilray Merger,BPD-GAD-ADHD,666,139,43,0.9,0.5,23,-0.452091733,-0.457106482
0,2021-02-09 10:22,31.53285987,https://www.reddit.com/r/wallstreetbets/comments/lg5kmw/umc_and_other_less_glamorous_semiconductor/,$UMC and other ‚Äúless glamorous‚Äù semi-conductor manufacturers will likely do well in the coming months,Pwadigy,44373,38680,18,0.85,0.5,10,-0.85636217,-0.857796274
0,2021-02-09 10:55,33.8373916,https://www.reddit.com/r/wallstreetbets/comments/lg6a3g/datto_msp_options_play/,Datto (MSP) & Options Play,Iamabadhuman,2521,7632,3,0.59,0.571428571,21,-1.654195469,-1.65123846
0,2021-02-09 11:48,30.63790145,https://www.reddit.com/r/wallstreetbets/comments/lg7hfd/tanker_stocks_are_smooth_sailing/,Tanker Stocks are Smooth Sailing,serryjeinfeld97,519,771,6,0.67,-0.461538462,29,-1.305467158,-1.305567238
0,2021-02-09 12:31,32.71039247,https://www.reddit.com/r/wallstreetbets/comments/lg8hl5/i_believe_i_have_found_lotto_fds_and_other_puts/,"I believe I have found lotto FDs (and other puts) that will actually print. DoorDash is about to collapse, and this is your opportunity to bank.",WBuffettJr,10060,41196,54,0.92,0.19047619,37,-0.339270858,-0.339979447
0,2021-02-09 13:01,32.6249652,https://www.reddit.com/r/wallstreetbets/comments/lg97ag/anyone_look_into_walmart_recently/,Anyone look into Walmart recently?,BubblesAndGum,21089,2698,8,0.68,-0.2,12,-1.167603666,-1.16662475
0,2021-02-09 13:08,30.06082605,https://www.reddit.com/r/wallstreetbets/comments/lg9dup/the_end_of_the_telcos/,The End of the Telcos,kyraxianix,13,586,9,0.7,0,16,-1.072236879,-1.07295959
0,2021-02-09 13:16,32.00546387,https://www.reddit.com/r/wallstreetbets/comments/lg9ktu/some_dd_on_tlryapha_since_none_of_you_seem_to_get/,Some DD on TLRY/APHA since none of you seem to get it,orfane,50445,62543,85,0.9,0.428571429,40,-0.114359478,-0.117094589
0,2021-02-09 13:33,30.92402158,https://www.reddit.com/r/wallstreetbets/comments/lg9y88/regarding_the_upcoming_si_report_from_finra/,Regarding the upcoming SI report from Finra,Eptasticfail,10858,3655,164,0.89,0.217391304,70,0.12262924,0.122548351
0,2021-02-09 13:43,30.69134163,https://www.reddit.com/r/wallstreetbets/comments/lga6ua/say_it_with_mer_g_b_if_you_are_too_busy_crying/,"Say it with me...R G B. If you are too busy crying about lost tendies and not looking at the $CRSR discount today, you don't deserve money",DontMicrowaveCats,83229,73973,40,0.8,0.272727273,26,-0.509037042,-0.509228834
0,2021-02-09 13:59,34.3050765,https://www.reddit.com/r/wallstreetbets/comments/lgakjm/lpt_learn_about_manipulative_tactics_and_logical/,LPT - Learn about manipulative tactics and logical fallacies so that you can identify when someone is attempting to use them on you.,Tucker-French,3889,4588,90,0.89,0.538461538,29,-0.195347953,-0.196734396
0,2021-02-10 11:00,33.8201144,https://www.reddit.com/r/wallstreetbets/comments/lgwpyx/teva_pharma/,Teva Pharma,LebaneseFudge,250,3457,16,0.69,0,26,-0.67950016,-0.678080988
0,2021-02-10 11:00,34.42365943,https://www.reddit.com/r/wallstreetbets/comments/lgwpe7/robinhood_is_making_millions_off_your_trailing/,Robinhood is making millions off your trailing stop orders (data n stuff),InVideo_,3641,1618,46,0.84,0.25,22,-0.230823951,-0.226807476
0,2021-02-10 11:53,31.07344495,https://www.reddit.com/r/wallstreetbets/comments/lgxwrq/auy_is_a_gold_mine_both_figuratively_and_literally/,$AUY is a Gold Mine (Both Figuratively and Literally),sillyhands1,2744,7347,6,0.57,-0.5,14,-1.088547086,-1.088937153
0,2021-02-10 12:04,34.96058557,https://www.reddit.com/r/wallstreetbets/comments/lgy6fl/dd_cinemark_cnk_clear_standout_in_moon_stock/,DD: Cinemark ($CNK) ‚Äì Clear Standout in ‚ÄúMoon Stock‚Äù ScreenüöÄüöÄüöÄ,coznova77,74,65,10,0.62,-0.428571429,15,-0.89868244,-0.898783595
0,2021-02-10 12:24,34.95835182,https://www.reddit.com/r/wallstreetbets/comments/lgynbx/amazon_doubles_down_on_grocery/,Amazon Doubles Down on Grocery,gpech,1333,461,11,0.68,0.222222222,20,-1.049754796,-1.052228349
0,2021-02-10 12:44,30.16405958,https://www.reddit.com/r/wallstreetbets/comments/lgz3x2/why_apha_is_an_alpha_trade_in_the_short_and/,Why APHA is an Alpha Trade in the Short and Long-run (Actual DD),Fakeseoi_into_osoto,939,923,64,0.92,0.384615385,38,-0.285654301,-0.285202052
0,2021-02-10 12:56,33.33492502,https://www.reddit.com/r/wallstreetbets/comments/lgzdsg/why_rite_aid_is_rad_not_bad_anymore/,Why Rite Aid is RAD not BAD (anymore),Cerael,1544,9037,27,0.77,0.2,15,-0.487270012,-0.488026727
0,2021-02-10 13:48,30.52280225,https://www.reddit.com/r/wallstreetbets/comments/lh0mu0/ubs_ready_to_rip/,$UBS ready to ripüöÄüöÄüöÄ,ChiefsSB51,2343,750,65,0.8,0.1875,42,0.013540734,0.013356367
0,2021-02-10 14:29,30.11555115,https://www.reddit.com/r/wallstreetbets/comments/lh1kju/wkhs_usps_contract/,WKHS USPS contract,munchmacooch,4375,1657,23,0.8,0.1,34,-0.658179333,-0.658847565
0,2021-02-11 10:37,32.63994113,https://www.reddit.com/r/wallstreetbets/comments/lhn7uf/why_mor_is_a_high_iq_play_in_2021_biotech_cancer/,"Why $MOR is a high IQ play in 2021. BioTech, Cancer, Inflammatory Diseases. DD Inside. üöÄ",Shitsukubyona,11866,2163,8,0.64,-0.285714286,16,-0.560981856,-0.561236605
0,2021-02-11 10:45,34.53945565,https://www.reddit.com/r/wallstreetbets/comments/lhne10/rkt_dd_to_the_mooooonnnnn/,$RKT DD TO THE MOOOOONNNNNüöÄüöÄüöÄüöÄüöÄüöÄüöÄüöÄüöÄ,6RedPandas,64,1229,35,0.64,0.043478261,76,-0.003661401,0.000229361
1,2021-02-11 11:04,30.60152508,https://www.reddit.com/r/wallstreetbets/comments/lhnt2u/why_i_think_sndl_has_massive_potential/,Why I think $SNDL has massive POTential,azndy,19901,10943,212,0.69,0.185185185,201,0.621666713,0.622344304
0,2021-02-11 11:24,30.50186807,https://www.reddit.com/r/wallstreetbets/comments/lho969/dd_valens_is_a_much_better_weed_stock/,"DD- Valens is a MUCH better weed stock fundamentally than SunDial you retards. Highly undervalued. Epic growth, entering Australia, profitable, strong balance sheet, tons of cash",artgangster,4865,110,11,0.62,0,35,-0.83128034,-0.833810292
0,2021-02-11 11:44,30.37425143,https://www.reddit.com/r/wallstreetbets/comments/lhop5b/some_rad_rite_aid_dd_and_updates/,Some (RAD) Rite Aid DD and Updates,Cerael,1626,9104,17,0.87,-0.25,13,-0.72357696,-0.723699908
0,2021-02-11 11:55,34.855741,https://www.reddit.com/r/wallstreetbets/comments/lhoxjf/betting_wkhs_on_the_usps_contract_hedge_with/,Betting WKHS on the USPS Contract? Hedge with Microvast/THCüêù,notashamedtosayit,431,259,19,0.88,0,21,-0.867521154,-0.867664273
0,2021-02-11 12:19,34.96364503,https://www.reddit.com/r/wallstreetbets/comments/lhpi8y/pandemic_play/,PANDEMIC PLAY!,JustAsk_Me,3459,127,16,0.83,-0.333333333,20,-1.137150965,-1.1358401
0,2021-02-11 12:25,34.32168832,https://www.reddit.com/r/wallstreetbets/comments/lhpmwy/betting_on_rehabilitation_centers/,BETTING ON REHABILITATION CENTERS!,macromayhem,20306,5877,4,0.58,0,35,-1.623529045,-1.626162761
0,2021-02-11 12:30,34.53858588,https://www.reddit.com/r/wallstreetbets/comments/lhpqug/dis_dd/,$DIS DD,DrClearCut,7318,20511,7,0.71,0.142857143,15,-1.476904796,-1.477408619
0,2021-02-11 12:44,30.19996238,https://www.reddit.com/r/wallstreetbets/comments/lhq2pa/cloudflare_earnings_overnight_play_good_ol/,Cloudflare earnings OVERNIGHT PLAY (Good 'ol fashioned DD),involutionn,8899,7402,15,0.78,-0.1,21,-1.15352132,-1.151237683
0,2021-02-11 12:47,32.8007766,https://www.reddit.com/r/wallstreetbets/comments/lhq4ne/sono_dd/,$SONO DD,wolfofwallstreet0,2133,4969,28,0.85,0.333333333,19,-0.911877133,-0.911248866
0,2021-02-11 12:59,30.57844513,https://www.reddit.com/r/wallstreetbets/comments/lhqel5/my_2181750_bet_that_dash_will_come_crashing_back/,"My $21,817.50 bet that $DASH will come crashing back to reality before March 19.",WallStreetWarrants,24,138,28,0.91,0.214285714,29,-0.888181951,-0.890829879
0,2021-02-11 13:04,30.90007362,https://www.reddit.com/r/wallstreetbets/comments/lhqisa/dd_missed_tsmc_my_bull_case_for_shinetsu/,DD: Missed TSMC? My bull case for Shin-Etsu.,password_is_fuckoff,9702,4133,12,0.88,0.5,12,-1.264034827,-1.263036718
0,2021-02-11 13:08,30.96061747,https://www.reddit.com/r/wallstreetbets/comments/lhqmxz/clne_super_bull_case/,$CLNE Super Bull Case,ThePracticalInvestor,5639,1915,23,0.79,0.142857143,24,-0.997000343,-0.997684502
0,2021-02-11 13:30,34.4261462,https://www.reddit.com/r/wallstreetbets/comments/lhr4ld/tsla_pelosi_leaps_playbook/,[TSLA] Pelosi leaps playbook,Always_Excited,1874,42627,14,0.7,0.125,19,-1.09889595,-1.098639042
0,2021-02-11 13:44,30.72244885,https://www.reddit.com/r/wallstreetbets/comments/lhrfyi/sndl_sundial_growers/,$SNDL (SUNDIAL GROWERS)üöÄüìà‚ùóÔ∏è‚ùóÔ∏è,Masternewworldorder,2441,628,67,0.75,-0.157894737,50,-0.337360368,-0.337400229
0,2021-02-11 13:43,31.75452532,https://www.reddit.com/r/wallstreetbets/comments/lhrf27/8th_grade_research_project_nvda/,8th grade research project: $NVDA,Not-The-Government-,7320,15720,11,0.79,0.25,13,-1.15175237,-1.151468274
0,2021-02-11 13:46,33.32607288,https://www.reddit.com/r/wallstreetbets/comments/lhrhve/panasonic_possibly_good_for_future/,Panasonic - Possibly Good For Future,Gocountgrainsofsand,50433,14386,15,0.89,-0.333333333,16,-1.029670636,-1.029634355
0,2021-02-11 14:35,34.638325,https://www.reddit.com/r/wallstreetbets/comments/lhsm8e/adaptability_makes_hyln_a_diamond_in_the_rough_dd/,Adaptability makes HYLN a diamond in the rough [DD],skipmalinger,481,1862,47,0.86,0.222222222,29,-0.562426617,-0.562754691
0,2021-02-16 8:29,34.35938522,https://www.reddit.com/r/wallstreetbets/comments/ll3sq2/why_shell_rdsa_is_undervalued/,Why Shell (RDSA) is undervalued,UnBonCitoyen,768,476,24,0.77,0.375,18,0.246661492,0.246374669
1,2021-02-16 8:35,33.31735038,https://www.reddit.com/r/wallstreetbets/comments/ll3wl2/miners_and_the_global_commodity_supercycle_ft/,"Miners and the Global Commodity Supercycle ft. VALE, FCX, MT",Player896,3963,1900,32,0.92,0.166666667,14,0.390424017,0.389793163
0,2021-02-16 8:42,31.05240012,https://www.reddit.com/r/wallstreetbets/comments/ll4150/due_diligence_on_burford_capital/,Due Diligence on Burford Capital,Downvoted-4-truth,152,671,0,0.44,-0.333333333,10,-1.365091283,-1.541165227
1,2021-02-16 9:15,32.95512817,https://www.reddit.com/r/wallstreetbets/comments/ll4ocn/pltrs_absolutely_insane_capital_structure_and_why/,PLTR's Absolutely INSANE Capital Structure And Why It's Actually a Competitive Advantage. üöÄüöÄüöÄ,BA_calls,7826,16852,33,0.7,-0.166666667,24,0.192304808,0.184366061
0,2021-02-16 9:27,31.07614842,https://www.reddit.com/r/wallstreetbets/comments/ll4w97/dd_finv_finvolution/,DD FINV- FINVOLUTION,dukkhaman,2274,1222,1,0.53,-0.6,12,-1.05735166,-1.054544638
0,2021-02-16 10:02,31.1143127,https://www.reddit.com/r/wallstreetbets/comments/ll5mgc/dddd_why_i_still_like_amc/,DDDD - Why I Still Like AMC,ASoftEngStudent,16294,4108,38,0.79,0.5,10,0.160332594,0.16011483
0,2021-02-16 10:15,33.74037885,https://www.reddit.com/r/wallstreetbets/comments/ll5w0w/numi_dd/,NUMI DD,Axiomm,173,213,21,0.96,0.4,12,-0.13526934,-0.141604409
0,2021-02-16 10:24,34.20025925,https://www.reddit.com/r/wallstreetbets/comments/ll62vv/callaway_ely_dd/,Callaway ($ELY) DD,15Aggie2k,471,3144,13,0.81,0.4,17,-0.345447177,-0.34347102
0,2021-02-16 10:30,33.80284717,https://www.reddit.com/r/wallstreetbets/comments/ll66td/what_did_buffett_buy_oxy/,What did Buffett Buy? $oxy,mnpc,34,6804,0,0.2,-0.166666667,13,-1.703485518,-1.88160495
0,2021-02-16 10:59,34.05420232,https://www.reddit.com/r/wallstreetbets/comments/ll6u6d/check_this_out_if_youre_inthinking_about_cannabis/,Check this out if you're in/thinking about Cannabis. Essential DD üçÅ,Braj728,391,1364,6,0.64,0,6,-0.657575534,-0.6549568
0,2021-02-16 11:05,33.10249015,https://www.reddit.com/r/wallstreetbets/comments/ll6zaa/sens_is_taking_us_to_tendie_town/,SENS is taking us to tendie town,BrazyNeurologist,1240,1025,0,0.47,-0.25,15,-1.669540061,-1.848346389
0,2021-02-16 11:19,33.88888717,https://www.reddit.com/r/wallstreetbets/comments/ll7ars/the_rebirth_of_intel/,The Rebirth of INTEL,Mycatiskoolerthanyou,477,708,19,0.83,0.5,24,-0.122891391,-0.12052243
0,2021-02-16 11:32,31.73272107,https://www.reddit.com/r/wallstreetbets/comments/ll7kqi/covid_underinvestment_causing_structural_deficit/,COVID underinvestment causing structural deficit in Natural Gas $Pee Eeee YUF / $Pee Eeee Y.TO,TerribleEngineer,65,21623,6,0.8,0,4,-0.589353773,-0.588620277
0,2021-02-16 11:48,30.71281295,https://www.reddit.com/r/wallstreetbets/comments/ll7xmx/tsm_and_the_global_automotive_semiconductor/,TSM and the Global Automotive Semiconductor Shortage,jamseh,594,827,18,0.95,0.333333333,10,-0.122971636,-0.123258495
0,2021-02-16 11:50,33.06205447,https://www.reddit.com/r/wallstreetbets/comments/ll7zo1/the_case_for_cloudflares_continued_growth/,The Case for Cloudflare's Continued Growth,draco947,447,584,3,0.71,1,3,-0.930718076,-0.933774928
0,2021-02-16 12:22,31.21561843,https://www.reddit.com/r/wallstreetbets/comments/ll8q17/bb_thoughts_feb_16_2021/,"$BB Thoughts - Feb. 16, 2021",growthinvestor123,2281,249,10,0.78,0.285714286,10,-0.321704186,-0.324646342
1,2021-02-16 12:30,33.81631728,https://www.reddit.com/r/wallstreetbets/comments/ll8vsi/rycey_to_the_moon/,RYCEY üöÄüöÄTO THE MOON üöÄüöÄ,Eazy_Eric,67,1220,63,0.85,0.291666667,46,0.397227719,0.399271874
0,2021-02-16 12:35,33.157744,https://www.reddit.com/r/wallstreetbets/comments/ll90ay/a_look_at_dr_michael_burry_from_the_big_short/,A look at Dr. Michael Burry from The Big Short Scion Asset Management 13F which was filed just now.,_WinnerTakesAll_,36970,5383,12,0.83,0.333333333,19,-0.319240978,-0.319455266
0,2021-02-16 12:42,31.3727852,https://www.reddit.com/r/wallstreetbets/comments/ll95j8/abev_potential/,$ABEV Potential,RockChalkDoc,2769,514,16,0.9,0.333333333,6,-0.163145744,-0.163371666
0,2021-02-16 13:01,32.49243318,https://www.reddit.com/r/wallstreetbets/comments/ll9kkv/a_shitty_dd_about_hpq/,A shitty DD about HPQ,Mycatiskoolerthanyou,491,707,3,0.8,0,2,-0.980950651,-0.982184873
0,2021-02-16 12:59,33.96862832,https://www.reddit.com/r/wallstreetbets/comments/ll9j7y/nrg_in_trouble/,$NRG in trouble,younguns87,269,2583,5,0.86,1,4,-0.779203541,-0.775281055
0,2021-02-16 13:41,32.64485192,https://www.reddit.com/r/wallstreetbets/comments/llaglx/direct_repost_from_someone_much_smarter_than_i/,Direct Repost from someone much smarter than I,4altar,674,3102,8,0.79,-0.142857143,18,-0.656899922,-0.66025986
0,2021-02-16 13:56,32.6238847,https://www.reddit.com/r/wallstreetbets/comments/llasip/light_up_your_portfolio_with_deep_value_lumn/,Light up your portfolio with DEEP value: üí°$LUMNüí°,alpha_shitposter,366,2972,13,0.81,0.6,17,-0.421581682,-0.430227241
0,2021-02-16 14:06,32.34508832,https://www.reddit.com/r/wallstreetbets/comments/llb13n/tanker_gang_never_dies/,Tanker Gang Never Dies,Boosted168,707,249,11,0.82,0,18,-0.503706403,-0.50883594
0,2021-02-16 14:17,31.57600378,https://www.reddit.com/r/wallstreetbets/comments/llb9k7/bfly_is_now_listed_on_the_market/,üìàüöÄ $BFLY is NOW listed on the Market üöÄüìà,fortuneftb2329,5481,821,7,0.68,-0.125,21,-0.703424649,-0.694896445
0,2021-02-16 14:52,30.87314272,https://www.reddit.com/r/wallstreetbets/comments/llc1g3/the_more_i_see_everyone_talking_about_the_pltr/,"The more I see everyone talking about the PLTR lockup expiration, the more I buy TODAY",heapsp,21933,39133,32,0.8,0.133333333,40,-0.019714462,-0.018335202
1,2021-02-17 9:36,31.95513262,https://www.reddit.com/r/wallstreetbets/comments/llvup5/the_rocket_is_still_fueling_buy_your_tickets_for/,The Rocket is still Fueling. Buy Your Tickets for $SENS ASAP,Useful-ldiot,22763,130476,71,0.87,0,41,0.662219434,0.66204318
0,2021-02-17 10:24,34.56814487,https://www.reddit.com/r/wallstreetbets/comments/llwvnd/sundial_growers_inc_registration_statement_on/,Sundial Growers Inc. ‚Äì Registration Statement on Form F-3,CC_Samus,380,74,23,0.83,-0.125,24,0.058941122,0.059818312
0,2021-02-17 10:23,34.98229665,https://www.reddit.com/r/wallstreetbets/comments/llwvea/welcome_to_the_boomer_ev_play_fucking_ford_f/,Welcome to the Boomer EV play Fucking Ford $F,JJTortilla,325,2543,35,0.93,0.416666667,27,0.239047866,0.238828381
0,2021-02-17 10:32,31.30092022,https://www.reddit.com/r/wallstreetbets/comments/llx2mb/the_ark_3d_printing_etf/,The ARK 3D PRINTING ETF,Shexter,2923,459,19,0.88,0.571428571,9,0.029603558,0.026080107
0,2021-02-17 10:36,32.2473654,https://www.reddit.com/r/wallstreetbets/comments/llx5mg/atlas_air_worldwide_holdings_aaww_just_had_price/,Atlas Air Worldwide Holdings (AAWW) just had price target upgraded to $80 by Susquehanna and has earnings tomorrow....unknown company with business that is booming by multiple catalysts.,Amurphy747,417,3208,16,0.94,-0.333333333,6,-0.054149003,-0.053307254
0,2021-02-17 10:39,34.2457543,https://www.reddit.com/r/wallstreetbets/comments/llx7vw/standby_generator_play/,standby generator play,poop_shute_trader,147,1771,14,0.94,-1,6,-0.132577195,-0.135993692
0,2021-02-17 10:59,34.2324729,https://www.reddit.com/r/wallstreetbets/comments/llxny1/volatility_play_flow_traders_nv_ams_flow_dd_highy/,"Volatility play Flow Traders NV AMS: FLOW DD, highy undervalued.",SubstantialTowel1579,80,149,4,0.75,-1,3,-0.929496896,-0.929751695
0,2021-02-17 11:12,30.9139211,https://www.reddit.com/r/wallstreetbets/comments/llxzz5/rkt_yuge_short_interest_yuge_fcf_free_cash_flow/,"RKT, YUGE Short interest + YUGE FCF (Free Cash Flow) = üöÄüöÄüöÄ Earnings next week +++ HUGE SHARE BUY BACK IN PROGRESS üöÄüöÄüöÄüöÄüöÄüöÄüöÄüöÄüöÄ",YoLO-Mage-007,131,7870,11,0.64,0.4,20,-0.387511397,-0.387988161
0,2021-02-17 13:01,32.15954888,https://www.reddit.com/r/wallstreetbets/comments/lm0ijn/my_fubo_dd_and_why_bears_are_fucked/,My FUBO DD and why bears are fucked,agent_ailibis,1135,1664,4,0.83,0.5,2,-1.002232654,-0.999374324
0,2021-02-17 13:05,33.49719357,https://www.reddit.com/r/wallstreetbets/comments/lm0lqv/chk_chesapeak_energy_cheapest_billion_dollar/,$CHK Chesapeak Energy. Cheapest billion dollar equity cap idea out there. Just came out of BK,Revolutionary-Lab382,6,0,8,1,0,9,-0.830019036,-0.830117574
1,2021-02-17 13:12,31.0461333,https://www.reddit.com/r/wallstreetbets/comments/lm0s6v/gme_endgame_part_6_the_big_reset_or_the_greatest/,"GME - EndGame part 6: The Big Reset, or The Greatest Financial Crime of the Century - and how to play GME going forward",FatAspirations,13800,2839,112,0.91,0.214285714,25,0.364050433,0.361088323
0,2021-02-17 13:17,31.4998282,https://www.reddit.com/r/wallstreetbets/comments/lm0w0y/innovative_technology_meets_medical_ingenuity/,Innovative technology meets Medical ingenuity! $aaaAYTU preparing for a Moon LaunchüöÄüåï,faisall1,19788,679,11,0.82,0.142857143,13,-0.64538153,-0.645616112
0,2021-02-17 13:33,30.77921703,https://www.reddit.com/r/wallstreetbets/comments/lm18sf/xrx_the_boomer_play_you_didnt_know_you_wanted/,XRX - The Boomer Play You Didn't Know You Wanted - 2.17.21,BakerTheOptionMaker,265,567,4,0.7,1,4,-1.153144517,-1.153624016
0,2021-02-17 13:29,34.0435034,https://www.reddit.com/r/wallstreetbets/comments/lm1690/nektar_nktr_short_squeeze_candidate_with_long/,Nektar (NKTR): Short Squeeze Candidate with Long Term Fundamental Value,raddaddio,73,276,8,0.67,-0.25,6,-0.899568646,-0.899906424
0,2021-02-17 14:35,33.6386228,https://www.reddit.com/r/wallstreetbets/comments/lm2n4e/johnson_johnson_vaccine_potential/,JOHNSON & JOHNSON VACCINE POTENTIAL,dank_trades,7,0,6,0.71,0.75,8,-1.040940514,-1.03893548
0,2021-02-18 9:12,33.43205083,https://www.reddit.com/r/wallstreetbets/comments/lmnn0n/sotkamo_silver_sosi1/,SOTKAMO SILVER (SOSI1),DVL100_,269,22,0,0.19,1,2,-1.729595104,-1.905667817
1,2021-02-18 9:50,30.23666852,https://www.reddit.com/r/wallstreetbets/comments/lmof02/dfv_hearing_lets_break_the_world_record_for_the/,DFV hearing : let‚Äôs break the world record for the most watched live youtube video ! It‚Äôs only 8 millions !!! Rookie number üöÄ ( repost coz deleted ),Butterflycelestial,3286,1944,165,0.9,-0.5,20,0.593267286,0.592914114
0,2021-02-18 10:01,34.35519438,https://www.reddit.com/r/wallstreetbets/comments/lmonx7/why_stonks_can_only_go_up_from_here_an_economic/,Why stonks can only go up from here. An economic reason. Bears read this and you will get it.,odcomiccollector,215,760,13,0.74,0.142857143,17,-0.505186664,-0.505594502
0,2021-02-18 10:21,34.25348162,https://www.reddit.com/r/wallstreetbets/comments/lmp3k5/buy_the_unity_u_dip/,Buy The Unity ($U) Dip,CommanderLeona,643,5127,20,0.81,0.333333333,10,-0.329966324,-0.330279559
0,2021-02-18 10:32,33.45023365,https://www.reddit.com/r/wallstreetbets/comments/lmpclp/a_little_tendie_tip_for_amd/,A little Tendie Tip for AMD üê•üçóüêî,Brian_K9,12727,10672,27,0.85,-0.166666667,15,-0.322066519,-0.323724163
0,2021-02-18 11:23,32.82593813,https://www.reddit.com/r/wallstreetbets/comments/lmqi8z/hear_me_out_rare_earths/,Hear Me Out: Rare Earths,HibikiStinky,4,2,1,0.53,0,6,-1.768935574,-1.769389243
0,2021-02-18 11:51,34.72067803,https://www.reddit.com/r/wallstreetbets/comments/lmr6ek/uco_is_set_to_boooooom_cold_snap/,UCO is set to BOOOOOOM! Cold Snap!,MackNGeez,540,5858,7,0.73,0,10,-1.152962269,-1.152515563
0,2021-02-18 12:03,32.6535763,https://www.reddit.com/r/wallstreetbets/comments/lmrhf4/dd_for_bki_possibly_undervalued_nonperformant/,"DD for $BKI - possibly undervalued non-performant mortgage play. Trading @ $82. Current estimates ~$18 over market, 4/16 90c @ $1.25",theDaninDanger,8476,24396,7,0.77,0,1,-1.203238991,-1.203473899
0,2021-02-18 12:18,34.46562127,https://www.reddit.com/r/wallstreetbets/comments/lmruzp/palantir_and_akin_gump_sign_deal_to_launch_legal/,Palantir and Akin Gump Sign Deal to Launch Legal Digital Services Platform,Minimum-Watercress-8,1129,1763,37,0.93,0.545454545,24,-0.757054277,-0.75705778
0,2021-02-18 12:27,30.5903682,https://www.reddit.com/r/wallstreetbets/comments/lms2ml/msos_a_rocket_ship_waiting_for_gas_from_the_sec/,MSOS: A rocket ship waiting for Gas from the SEC and the Fed üöÄüöÄüöÄ US Cannabis UpList,greggo92,252,387,24,0.85,1,3,-0.874516474,-0.87406373
0,2021-02-18 13:06,31.3883704,https://www.reddit.com/r/wallstreetbets/comments/lmsz56/sonos_and_microsoft_partnership_dd_easter_eggs/,Sonos and Microsoft Partnership (DD) - Easter Eggs Found,ilovevyvanse,551,1209,14,0.94,0,4,-1.390578535,-1.389376675
0,2021-02-18 13:13,34.37441452,https://www.reddit.com/r/wallstreetbets/comments/lmt5s0/fyi_for_people_new_to_the_vix_and_vix_etfs_before/,"FYI for people new to the VIX and VIX ETFs, before you go balls deep.",Fragglepusss,13053,4856,26,0.91,-0.333333333,13,-1.347280366,-1.346168346
0,2021-02-18 14:09,34.10818123,https://www.reddit.com/r/wallstreetbets/comments/lmuhv7/aal_20x_opportunity_march_19th_calls/,AAL - 20x Opportunity - March 19th Calls,Blink_Bull,214,11,12,0.77,0.857142857,14,-1.776333556,-1.778721764
0,2021-02-18 14:22,30.26583025,https://www.reddit.com/r/wallstreetbets/comments/lmutpf/crsr_corsair_gaming_dd_and_why_its_undervalued/,CRSR - Corsair Gaming DD and why it's undervalued,SirNiggo,5870,12392,33,0.81,0.571428571,17,-1.270968585,-1.271180162
0,2021-02-18 14:40,32.43053932,https://www.reddit.com/r/wallstreetbets/comments/lmv95p/dd_himax_technologies_himx_lots_of_pictures/,DD: HIMAX TECHNOLOGIES $HIMX = üçóüöÄ üí¶ LOTS OF PICTURES,SniXSniPe,3542,44659,7,0.77,-0.5,4,-1.99931251,-1.998829725
0,2021-02-19 9:06,32.88591188,https://www.reddit.com/r/wallstreetbets/comments/lngnhj/fsly_shares_extremely_oversold/,FSLY shares extremely oversold,GhostofGordonGekko,448,0,17,0.84,0.444444444,13,-0.321486332,-0.321649954
0,2021-02-19 9:41,32.54470032,https://www.reddit.com/r/wallstreetbets/comments/lnhfy1/vrt_the_datacenter5g_data_play_that_is_benefiting/,"$VRT the datacenter/5g data play that is benefiting huge from their Honeywell partnership. Quarterly and yearly is next week, see you there!(Feb 24th) üöÄüöÄüöÄü§òüë®‚ÄçüöÄü§ò",Longjumping_College,13933,40286,5,0.69,0,6,-0.805633805,-0.805921353
0,2021-02-19 9:55,33.98476817,https://www.reddit.com/r/wallstreetbets/comments/lnhqlw/on_military_possibilities_and_bidens/,$ON - Military Possibilities and Biden's SemiConductor Review,fr0st2k,1212,1358,25,0.93,0.307692308,20,-0.103839399,-0.103977827
0,2021-02-19 10:20,33.92945585,https://www.reddit.com/r/wallstreetbets/comments/lnic4d/ev_basics_for_nonengineer_investors/,EV Basics for Non-Engineer Investors,SecretSquirrelTech,100,201,9,1,0.2,14,-0.508480569,-0.50884243
0,2021-02-19 10:36,32.42081825,https://www.reddit.com/r/wallstreetbets/comments/lnipvu/flws_the_rosebud_that_wsb_should_tickle/,FLWS the rosebud that WSB should tickle,the_herps,10,776,2,0.56,-0.111111111,21,-1.118119155,-1.118677701
0,2021-02-19 11:13,30.24678408,https://www.reddit.com/r/wallstreetbets/comments/lnjl3y/my_complete_silver_investment_thesis_please_read/,My complete silver investment thesis (please read before downvoting),amccready1,1513,3548,0,0.5,0,20,-1.5815383,-1.58292287
0,2021-02-19 11:13,30.61187238,https://www.reddit.com/r/wallstreetbets/comments/lnjksx/china_sxt_pharma/,China SXT Pharma,HubertAFMakuch,1,0,0,0.5,-1,4,-1.879921402,-2.056613438
0,2021-02-19 11:36,32.57997065,https://www.reddit.com/r/wallstreetbets/comments/lnk5ee/pltr_to_infinity_and_beyond/,PLTR to infinity and beyond,OldMansMiniVan26,1303,882,79,0.82,0.333333333,20,0.298286105,0.298040957
0,2021-02-19 11:42,31.69529495,https://www.reddit.com/r/wallstreetbets/comments/lnkatp/et_energy_transfer_enbl_acquisition/,ET - Energy Transfer - ENBL Acquisition,Suburban_Jesus,6047,10443,1,0.57,1,3,-1.578959012,-1.576807549
0,2021-02-19 11:56,32.69546475,https://www.reddit.com/r/wallstreetbets/comments/lnkmvu/why_i_just_put_50_of_my_net_worth_in_rycey/,Why I just put 50% of my net worth in RYCEY,adambets,56,26,13,0.71,0.555555556,33,-0.512285021,-0.511121253
0,2021-02-19 12:09,34.8141734,https://www.reddit.com/r/wallstreetbets/comments/lnkytv/doordash_fd_dd_puts_gang_bear/,Doordash FD DD - Puts. Gang bear,AIwaysLearning,379,2404,10,1,0.666666667,9,-0.749425854,-0.749596714
0,2021-02-19 12:21,32.37699922,https://www.reddit.com/r/wallstreetbets/comments/lnla9w/apph_invest_in_future_of_indoor_farming/,"APPH üöÄüöÄüöÄüöÄüöÄüöÄ - Invest In Future Of Indoor Farming Technology, Sustainability, And Help With Climate Change!",DN-BBY,295,5137,17,0.76,0.2,20,-0.601150479,-0.602785693
0,2021-02-19 12:24,34.24904728,https://www.reddit.com/r/wallstreetbets/comments/lnlcw8/msos_and_the_best_weed_earnings_season/,MSOS and the Best Weed Earnings season üöÄ,greggo92,315,376,10,0.75,-0.5,25,-0.856112421,-0.859636517
0,2021-02-19 12:36,33.1207341,https://www.reddit.com/r/wallstreetbets/comments/lnlma4/sens_the_latest_diabetes_tech_story_on_an/,"SENS, the latest diabetes tech story on an absolute tear higher. Up 1150% in 3 months",TheHappyHawaiian,40924,13637,27,0.86,0,10,-0.405594617,-0.407064665
0,2021-02-19 13:03,30.46555362,https://www.reddit.com/r/wallstreetbets/comments/lnm9p5/pricing_inefficiency_cuk_vs_ccl/,Pricing Inefficiency: CUK vs CCL,kirlandwater,14296,73137,7,1,0.6,8,-0.943903481,-0.945168404
0,2021-02-19 13:01,32.65360762,https://www.reddit.com/r/wallstreetbets/comments/lnm808/chinese_robinhood_futu_facing_heavy_shorting/,Chinese Robinhood $FUTU facing heavy shorting - borrow fee currently 141.8% with 600 shares left,Why_Hello_Reddit,10977,95868,11,0.79,0,8,-0.780879419,-0.780014178
0,2021-02-19 13:14,34.5618359,https://www.reddit.com/r/wallstreetbets/comments/lnmiik/texas_copper_profits/,Texas Copper Profits,bneffaz,767,956,7,0.82,0.375,19,-1.032237884,-1.032426501
0,2021-02-19 14:09,30.1932404,https://www.reddit.com/r/wallstreetbets/comments/lnnswb/dbx_416_33_calls/,$DBX 4/16 $33 Calls,sdace2,44,113,3,0.8,-0.333333333,10,-1.305506117,-1.307903236
0,2021-02-19 14:42,31.897779,https://www.reddit.com/r/wallstreetbets/comments/lnolhq/check_this_out_gme_vs_snap_and_target_price_of/,Check This Out GME vs SNAP and target price of over $100K per share.,TradeIdeas2020,1168,359,20,0.78,0,11,-0.482372209,-0.491750038
0,2021-02-19 14:46,32.73359225,https://www.reddit.com/r/wallstreetbets/comments/lnop10/rkt_50_borrow_fee_into_a_billion_buy_back_program/,"RKT- 50% Borrow Fee into a Billion $$$ Buy Back Program, YUGE FCF(Free Cash Flow) üöÄüöÄüöÄüöÄüöÄüöÄüöÄüöÄüöÄ",YoLO-Mage-007,183,7881,6,0.67,-0.083333333,17,-1.018447767,-1.012968991
0,2021-02-22 12:07,32.18429965,https://www.reddit.com/r/wallstreetbets/comments/lptqdr/big_oil_play_update/,Big Oil Play Update,dc_chilling17,415,5866,19,0.88,-0.166666667,9,-0.400280208,-0.400463556
0,2021-02-22 12:27,32.02581878,https://www.reddit.com/r/wallstreetbets/comments/lpua1i/aapl_a_day_keeps_the_stonk_doctor_away/,AAPL a Day Keeps the Stonk Doctor Away,I_lost_the_GME,723,11663,14,0.77,1,6,-0.52375622,-0.5227247
0,2021-02-22 12:43,31.08396007,https://www.reddit.com/r/wallstreetbets/comments/lpuovx/w_bout_to_rocket_some_dd_ape_thinking_inside/,$W Bout to Rocket? Some DD / Ape Thinking Inside,Potamophobic,20,409,4,0.61,0.142857143,9,-1.078981728,-1.075624808
0,2021-02-22 13:59,30.21345465,https://www.reddit.com/r/wallstreetbets/comments/lpwnmj/hedge_fund_managers_2020_salaries/,Hedge Fund Managers 2020 Salaries,Alreddyben,17,222,7,0.77,0.4,6,-0.992843746,-0.996199983
0,2021-02-22 14:33,31.07360123,https://www.reddit.com/r/wallstreetbets/comments/lpxk1a/why_im_long_on_ladr_and_see_it_as_safe_70_returns/,Why I'm long on $LADR and see it as safe 70+% returns,lb_gwthrowaway,1260,11378,8,0.9,0,11,-1.105707997,-1.10362121
0,2021-02-22 14:41,33.2588577,https://www.reddit.com/r/wallstreetbets/comments/lpxqzm/a_short_thesis_on_the_charles_schwab_corporation/,A short thesis on the Charles Schwab Corporation.,Fragsworth,58466,50697,10,0.81,-0.25,15,-1.078520722,-1.077738203
0,2021-02-22 14:47,32.02959158,https://www.reddit.com/r/wallstreetbets/comments/lpxwoj/jj_vaccine_could_be_authorized_in_a_couple_of/,[J&J] vaccine could be authorized in a couple of weeks. It is scheduled to be reviewed on Feb. 26,rburhum,518,819,6,0.88,-1,2,-1.322220773,-1.322962579
0,2021-02-23 8:35,31.61187742,https://www.reddit.com/r/wallstreetbets/comments/lqijoc/canadian_iron_play_not_a_weird_hockey_thing_i/,Canadian Iron Play (not a weird hockey thing I promise),Burtonsrules,3,0,4,0.64,-1,3,-0.688834967,-0.688768132
0,2021-02-23 9:26,30.43092878,https://www.reddit.com/r/wallstreetbets/comments/lqjllg/unity_tech_gamestop_thesis/,Unity Tech + Gamestop Thesis,maksybala,87,283,4,0.62,0.333333333,5,-0.94732854,-0.949247118
0,2021-02-23 10:04,32.06717298,https://www.reddit.com/r/wallstreetbets/comments/lqkg7e/stmp_is_down_35_since_feb_16th_and_over_5_today/,STMP is down 35% since Feb 16th and over 5% today,bigbuck80,5,53,8,1,0,3,-0.657758717,-0.657706133
0,2021-02-23 10:18,33.81171715,https://www.reddit.com/r/wallstreetbets/comments/lqkr9i/nvax_diamond_case/,NVAX - Diamond case üíéüíéüíé,AllSeeingEye7,235,223,1,0.53,0.5,3,-1.602841953,-1.603090464
0,2021-02-23 10:36,30.04197408,https://www.reddit.com/r/wallstreetbets/comments/lql6th/investing_in_cocaine_legally_thats_correct/,Investing in cocaine? Legally??? That's correct.,jaymancini,616,10316,49,0.9,0.142857143,30,0.17728937,0.17697112
0,2021-02-23 11:04,32.38215418,https://www.reddit.com/r/wallstreetbets/comments/lqlua3/case_for_tsla_2030/,Case for TSLA 2030,ElectrikDonuts,6315,48083,5,0.63,0,16,-1.171615833,-1.170331466
0,2021-02-23 11:28,33.46319467,https://www.reddit.com/r/wallstreetbets/comments/lqmfa9/array_technologies_inc_nasd_arry_a_solar_pureplay/,"Array Technologies, Inc. (NASD: ARRY): A Solar Pureplay",smallstreetgains,4553,5123,5,0.78,0.5,2,-1.209308975,-1.209531661
0,2021-02-23 12:43,33.26174688,https://www.reddit.com/r/wallstreetbets/comments/lqo8t8/amc_recovery_play/,AMC Recovery Play,1Darkhaos,215,488,41,0.85,0.416666667,15,-0.355046345,-0.355271287
0,2021-02-23 13:42,34.72982777,https://www.reddit.com/r/wallstreetbets/comments/lqpn27/a_curious_volume_of_forgotten_lore_raven/,A Curious Volume of Forgotten Lore (Raven Industries DD),ManyRocketEmojis,7,6,11,0.79,0.6,5,-0.890357571,-0.890514891
0,2021-02-23 14:25,31.45728535,https://www.reddit.com/r/wallstreetbets/comments/lqqp0u/crowd_sourcing_dd_there_is_a_massive_payment_card/,Crowd sourcing DD: There is a MASSIVE payment card data breach going on,quantize_me,6461,7947,30,0.92,0.111111111,18,-0.412306972,-0.412755773
0,2021-02-23 14:44,32.44067617,https://www.reddit.com/r/wallstreetbets/comments/lqr516/keep_buying_amc_big_things_happening_this_week/,Keep buying AMC. Big things happening this week!,yeggles,634,167,120,0.81,0.055555556,45,0.208389207,0.207948013
0,2021-02-24 8:58,31.7711741,https://www.reddit.com/r/wallstreetbets/comments/lrdhk1/the_advisorshares_pure_us_cannabis_etf_mso_the/,The AdvisorShares Pure US Cannabis ETF ($MSO) - The First to Reach $1bil AUM,seebz69,150687,13620,5,0.78,0,2,-0.941258834,-0.94358586
0,2021-02-24 8:55,33.89165647,https://www.reddit.com/r/wallstreetbets/comments/lrdg2q/gsat_dd_its_the_spectrum_stupid/,"GSAT DD (It's the spectrum, stupid)",industrial_trust,162,721,18,0.91,0.666666667,10,-0.415699175,-0.412618644
1,2021-02-24 9:11,33.74216863,https://www.reddit.com/r/wallstreetbets/comments/lrdrsz/i_am_a_roblox_developer_and_i_know_the_absolute/,I am a Roblox developer and I know the absolute fucking power it has.,wddfrt,4239,274,33,0.69,0.148148148,44,-0.131862193,-0.134307917
0,2021-02-24 9:19,30.20858653,https://www.reddit.com/r/wallstreetbets/comments/lrdyb0/yesterdays_wsb_discussion_wkhs_hits_the_top_10/,Yesterday's WSB Discussion: WKHS hits the top 10 after a 40% drop,pdwp90,308502,471246,7,1,0,4,-0.785902857,-0.786057854
0,2021-02-24 9:30,34.50947285,https://www.reddit.com/r/wallstreetbets/comments/lre6l9/dont_be_a_gay_bear_buy_cocaine_legally/,Don't be a gay bear. Buy cocaine. Legally,jaymancini,1806,10506,10,0.63,0.166666667,23,-0.68779141,-0.687921338
0,2021-02-24 9:51,33.04250988,https://www.reddit.com/r/wallstreetbets/comments/lrenj4/solar_window_shorting_war/,Solar Window shorting war.,Granrok,10,60,9,0.8,1,4,-0.722848455,-0.722582842
0,2021-02-24 10:33,31.03517958,https://www.reddit.com/r/wallstreetbets/comments/lrflkq/atnx_fda_anyday_now/,ATNX - FDA anyday now üî•,thehalfasianlatino,66,47,2,0.67,0.5,2,-1.352747888,-1.353080416
0,2021-02-24 10:46,33.02181415,https://www.reddit.com/r/wallstreetbets/comments/lrfvv6/dont_count_bb_out/,DON'T COUNT $BB OUT!,Known-Pop-1964,27,16,44,0.89,0.6,19,-0.03576099,-0.035075018
0,2021-02-24 11:04,34.87495887,https://www.reddit.com/r/wallstreetbets/comments/lrgahz/hospitality_is_way_overvalued/,Hospitality is way overvalued,kentquasar,1023,510,13,0.76,0.25,33,-0.571161201,-0.571288265
0,2021-02-24 11:40,34.35449058,https://www.reddit.com/r/wallstreetbets/comments/lrh46d/if_im_ryan_cohen_this_is_my_plan/,"If I'm Ryan Cohen, This is my plan",brizzybrew,48,2835,36,0.88,0,13,-0.096106725,-0.092808197
0,2021-02-24 12:47,31.8901253,https://www.reddit.com/r/wallstreetbets/comments/lrirj0/fcx_and_copper_dd_an_update/,FCX and copper DD- an update,zionistmuslim,179,3349,8,0.9,-0.25,10,-0.655974232,-0.656164811
0,2021-02-24 12:52,32.09127605,https://www.reddit.com/r/wallstreetbets/comments/lrivnu/daily_dd_1_gm_is_stupidly_undervalued/,Daily DD #1 GM is stupidly undervalued,player89283517,2840,9568,14,0.85,0.571428571,17,-0.409356992,-0.411917544
0,2021-02-24 12:59,30.3239131,https://www.reddit.com/r/wallstreetbets/comments/lrj1op/all_aboard_the_mu_rocketship/,All Aboard the MU Rocketship,PlunderNutz,288,83,0,0.5,0,6,-1.818875231,-1.992408225
0,2021-02-24 14:24,34.8530288,https://www.reddit.com/r/wallstreetbets/comments/lrl4aa/amt_earnings_play_tmrow_cheap_options_priced_for/,$AMT - EARNINGS PLAY TMROW - Cheap options - Priced for a üöÄ move!,fuk_normies,58289,7567,11,0.77,-0.2,8,-0.561884862,-0.56174482
0,2021-02-24 14:33,31.00619693,https://www.reddit.com/r/wallstreetbets/comments/lrlbi8/fisker_dd_apple_swooping_in_fsr/,Fisker DD - Apple swooping in? $FSR,retapeoj,8985,1854,12,0.93,0,13,-0.467564589,-0.468580485
0,2021-02-24 14:37,32.6374126,https://www.reddit.com/r/wallstreetbets/comments/lrlee7/100k_nndm_molo_update/,"100k NNDM ""MOLO"" - Update",BrigadorskiBanhammer,32,-29,0,0.15,-0.0625,28,-1.897134137,-2.073006825
0,2021-02-24 14:52,32.40436028,https://www.reddit.com/r/wallstreetbets/comments/lrlr25/ge_bullish_signals_savant_pov/,GE Bullish signals - Savant POV,gooderThanABii,375,1706,8,0.83,1,7,-0.702735263,-0.702874814
0,2021-04-29 10:11,31.28510497,https://www.reddit.com/r/wallstreetbets/comments/n157a8/i_expect_blow_out_earnings_from_gnw_today_to_be/,I expect blow out earnings from GNW today. To be announced after market close.,Bobatronic,7802,6265,1,0.57,0,4,-1.066615553,-1.066785934
0,2021-04-29 10:27,30.91667193,https://www.reddit.com/r/wallstreetbets/comments/n15j46/my_predictions_for_nio_q1_earnings_and_results/,My Predictions for NIO Q1 Earnings and Results,TheAbyssBlinked,336,2968,6,0.71,-0.5,4,-0.266258977,-0.267129566
1,2021-04-29 11:27,30.8046642,https://www.reddit.com/r/wallstreetbets/comments/n16tz6/why_i_think_uwmc_will_have_a_pretty_good_rise/,Why I think UWMC will have a pretty good rise next week,ADynes,3971,8189,18,0.78,-0.25,17,0.272703709,0.275933082
1,2021-04-29 12:52,30.2934849,https://www.reddit.com/r/wallstreetbets/comments/n18pj8/the_oral_covid_vaccine_they_dont_want_you_to_know/,THE ORAL COVID VACCINE THEY DONT WANT YOU TO KNOW ABOUT! READ THE DD!,ProbablyStoned216,20,33,30,0.73,0.238095238,31,0.664487806,0.665817543
0,2021-04-29 13:51,31.16746138,https://www.reddit.com/r/wallstreetbets/comments/n19zmq/heron_therapeutics_hrtx_fda_approval_my_unicorn/,"HERON THERAPEUTICS (HRTX) FDA APPROVAL, MY UNICORN",AustinoTheGreat,1014,452,4,0.64,0.25,7,-0.217238634,-0.260137962
0,2021-04-30 7:48,31.0176279,https://www.reddit.com/r/wallstreetbets/comments/n1s4ws/the_dark_horse_of_the_vaccine_race_may_be_this/,The Dark Horse of the Vaccine Race May Be This French Biotech!!,Comfortable_Ad370,1,-2,0,0.44,0.4,5,-0.319389868,-0.496965481
0,2021-04-30 8:07,31.3427516,https://www.reddit.com/r/wallstreetbets/comments/n1sg7w/verbund_fundamental_analysis_dcf/,Verbund Fundamental Analysis & DCF,ThinkValue2021,10,17,8,0.9,1,3,0.728732131,0.728573083
1,2021-04-30 8:21,32.70023862,https://www.reddit.com/r/wallstreetbets/comments/n1so1m/quick_ta_dd_on_clov_as_of_42921/,Quick TA DD on CLOV as of 4/29/21,UnfazedSynergy,232,4160,93,0.91,0.5,31,1.774233054,1.774046448
1,2021-04-30 8:42,31.21301807,https://www.reddit.com/r/wallstreetbets/comments/n1t0yz/i_analyzed_all_the_motley_fool_premium/,I analyzed all the Motley Fool Premium recommendations since 2013 and benchmarked them against S&P500 returns. Here are the results!,nobjos,68240,13417,69,0.87,0.222222222,19,1.729265391,1.7252915
1,2021-04-30 9:19,30.07656695,https://www.reddit.com/r/wallstreetbets/comments/n1to9d/nrdrages_friday_dd_i_promised_you_a_layup_so_here/,"NrdRage's Friday DD: I promised you a layup, so here you go. It's inevitable, so I for one welcome our new Chinese overlord Chairman XiMao. The company who will sell you everything except freedom and independence. $BABA-Booey",NrdRage,17102,26937,34,0.9,0.8,18,1.43611164,1.433921775
0,2021-04-30 9:42,31.44314252,https://www.reddit.com/r/wallstreetbets/comments/n1u442/uranium_long_volatility_trade_via_ccj_cameco/,Uranium long volatility trade via $CCJ Cameco,staffpro1,303,454,5,0.78,1,5,0.254643865,0.25653918
1,2021-04-30 10:26,32.56624758,https://www.reddit.com/r/wallstreetbets/comments/n1uzkd/alphas_are_buying_edr_right_now/,Alphas are buying EDR right now,ThisIsGSR,4381,962,8,0.72,-0.166666667,11,-0.101527724,-0.099638526
0,2021-04-30 14:47,31.53960005,https://www.reddit.com/r/wallstreetbets/comments/n20klz/nio_again/,NIO again,deSeingalt,11,2252,2,0.54,0.4,10,-0.624775121,-0.628560362
0,2021-05-03 8:28,30.7919552,https://www.reddit.com/r/wallstreetbets/comments/n3uqe5/hae_haemonetics_long_term_play/,(HAE) Haemonetics long term play,professionalfukup,1,0,1,0.56,,0,0.273132879,0.271620482
1,2021-05-03 9:08,30.09250137,https://www.reddit.com/r/wallstreetbets/comments/n3vlr0/nok_has_potential_to_reach_10/,üî•$NOK has potential to reach $10+üöÄüöÄüöÄ,TheDevelopedDeed,31,6,49,0.83,0.266666667,23,1.713274904,1.710647561
0,2021-05-03 10:04,30.07100115,https://www.reddit.com/r/wallstreetbets/comments/n3wwlk/is_nkla_undervalued_or_insignificant_my_nikola/,Is NKLA undervalued or insignificant - My Nikola Clear Up,biutifo,50,57,0,0.27,-0.2,12,-0.653172367,-0.823917187
1,2021-05-03 10:09,34.69415745,https://www.reddit.com/r/wallstreetbets/comments/n3x0yn/why_im_all_in_on_rkt/,Why I‚Äôm all in on RKT,supersupersenior,2608,1780,20,0.7,0.428571429,17,1.094328484,1.094605275
0,2021-05-03 11:39,34.40838563,https://www.reddit.com/r/wallstreetbets/comments/n3z8dl/gpro_gopros_new_business_model_and_strong_upside/,$GPRO - GoPro's New Business Model and Strong Upside,cfcm5,1435,175,9,0.8,0.25,8,-0.094041915,-0.092971708
1,2021-05-03 12:08,30.52927777,https://www.reddit.com/r/wallstreetbets/comments/n3zybm/why_im_bullish_on_mvis/,Why I‚Äôm bullish on MVIS,BigTurboAbarth,211,479,15,0.7,0.272727273,16,0.225419601,0.230030183
0,2021-05-03 12:07,32.08137997,https://www.reddit.com/r/wallstreetbets/comments/n3zwqp/meredith_corporation_mdp_selling_local_media/,"Meredith Corporation (MDP) Selling Local Media Group to Gray Television (GTN) for $2,7B",Aykazu,37,6,0,0.38,0.5,8,-1.244803527,-1.419671552
0,2021-05-03 12:22,31.67457297,https://www.reddit.com/r/wallstreetbets/comments/n40avv/hig_quick_adderall_dd/,HIG quick adderall DD,commodoregoat,1558,4589,1,0.55,1,5,-0.945183395,-0.943045406
0,2021-05-05 7:46,34.55485023,https://www.reddit.com/r/wallstreetbets/comments/n5dzl9/return_of_big_oil_the_death_of_oil_has_been/,Return of Big Oil. The death of oil has been greatly exaggerated,BootlessPanda,11,850,7,0.71,0,11,0.274675616,0.280046799
0,2021-05-05 9:43,32.383954,https://www.reddit.com/r/wallstreetbets/comments/n5g8ng/inflation_commodities_supercycles_broken_supply/,"Inflation, Commodities Supercycles & Broken Supply Chains: Why macroeconomic conditions have aligned to make $CLF America‚Äôs number 1 steel company (and perhaps trigger a short squeeze in the process!)",HonkyStonkHero,524,688,3,0.71,0.5,2,-0.1172266,-0.124322408
0,2021-05-05 10:56,34.91495813,https://www.reddit.com/r/wallstreetbets/comments/n5hu3s/why_i_am_bullish_on_biontech_bntx/,Why I am bullish on Biontech BNTX,kingoftheapesgme,98,1967,3,0.64,0,9,-0.398424237,-0.398779623
0,2021-05-05 11:11,34.65034992,https://www.reddit.com/r/wallstreetbets/comments/n5i6st/accd_accolade_bull_case/,ACCD - Accolade Bull Case,Southern_Struggle,1,3605,0,0.14,0,1,-1.087278912,-1.263972999
0,2021-05-05 12:15,30.49265148,https://www.reddit.com/r/wallstreetbets/comments/n5jq2h/looks_like_the_crayon_chart_kids_are_coming_out/,Looks like the crayon chart kids are coming out of the wood pile again. Why you should almost never short the S&P500,SpliffMaster489,2235,6696,12,0.93,0.25,5,0.425428357,0.41430526
0,2021-05-05 12:49,31.05557712,https://www.reddit.com/r/wallstreetbets/comments/n5kjrp/western_digital_and_the_great_storage_shortage/,Western Digital and the great storage shortage. Long $WDC,SoldierIke,115,91,1,0.57,0,2,-0.695773879,-0.699241529
0,2021-05-05 14:00,30.07649152,https://www.reddit.com/r/wallstreetbets/comments/n5m9bl/crsr_short_squeeze_is_starting_right_now/,CRSR short squeeze is starting right now üöÄüöÄüöÄ,TOTALLYnattyAF,32,17754,13,0.7,0.285714286,13,0.117656092,0.113765814
0,2021-05-05 14:29,31.84799763,https://www.reddit.com/r/wallstreetbets/comments/n5mxom/crsr_is_pumping_today_because_yesterdays_earnings/,"CRSR is pumping today because yesterday's earnings beat was not priced in at all. Volume broke the sideways cycle today. By every metric, the stock is WAY undervalued...the ship is just taking off.",DontMicrowaveCats,84277,78922,8,0.67,1,2,-0.105144743,-0.101524971
1,2021-05-05 14:53,32.16892048,https://www.reddit.com/r/wallstreetbets/comments/n5nicq/rkthalted_after_a_move_above_2320_for_no_reason/,RKT-HALTED AFTER A MOVE ABOVE $23.20 FOR NO REASON GIVEN!!!!! BULLISH ASF üöÄüöÄüöÄüöÄüöÄüöÄüöÄüöÄüöÄ,YoLO-Mage-007,1792,10969,37,0.93,-0.333333333,14,0.558358614,0.546695156
0,2021-05-06 9:54,34.9766292,https://www.reddit.com/r/wallstreetbets/comments/n67sva/dfen_direxion_aerospace_and_defense_dd/,$DFEN Direxion Aerospace and Defense DD,Krebsy13,12,346,4,0.67,0.333333333,7,-0.477413166,-0.477538052
0,2021-05-06 10:56,32.2382249,https://www.reddit.com/r/wallstreetbets/comments/n69633/how_do_yall_like_amc_and_gme_but_are_not_throwing/,How do y‚Äôall like AMC and GME but are not throwing everything into the most shorted stock in the market with ASO,kcsa1357,1,-9,0,0.26,0.428571429,14,-1.391464549,-1.578796985
0,2021-05-06 10:55,33.18382342,https://www.reddit.com/r/wallstreetbets/comments/n695dc/why_ayx_is_a_hidden_gem/,Why AYX is a Hidden GEM,FruitEnvironmental70,1,27,0,0.5,0.75,9,-1.399590038,-1.574321503
1,2021-05-06 11:13,30.1677672,https://www.reddit.com/r/wallstreetbets/comments/n69kfa/uwmc_buying_opportunity/,UWMC buying opportunity,Adrift_Aland,85,5105,19,0.83,0,8,0.221310556,0.215901968
0,2021-05-06 11:09,34.663799,https://www.reddit.com/r/wallstreetbets/comments/n69grf/what_is_going_on_with_intrusion_intz/,What is going on with Intrusion (INTZ)?,tsevni,10449,19193,1,0.6,-0.333333333,3,-1.128886714,-1.123736049
0,2021-05-06 11:21,32.1049416,https://www.reddit.com/r/wallstreetbets/comments/n69r2t/abnb_earnings_coming_up_buy_abnb_w_positions/,ABNB earnings coming up. Buy ABNB (w/ positions),notabot_v1,1426,285,8,0.9,-0.2,9,-0.180044883,-0.168553417
1,2021-05-06 12:22,31.00634872,https://www.reddit.com/r/wallstreetbets/comments/n6b5f9/asts_a_global_mobile_broadband_solution/,$ASTS a global mobile broadband solution,Only6Inches,3209,1398,19,0.88,0.5,21,0.055187079,0.055064042
0,2021-05-06 12:19,34.40337005,https://www.reddit.com/r/wallstreetbets/comments/n6b2ks/paramount_resources_revisited/,Paramount Resources Revisited,DeepTangerine,394,76,0,0.5,,0,-1.514657539,-1.690712605
0,2021-05-06 12:54,34.43784353,https://www.reddit.com/r/wallstreetbets/comments/n6bvcw/viac_massively_undervalued_right_now_and_has_had/,VIAC massively undervalued right now and has had an amazing earnings report,ilikelucy1,65943,5161,19,0.88,0,14,-0.092855377,-0.080427341
0,2021-05-06 13:54,34.62589235,https://www.reddit.com/r/wallstreetbets/comments/n6d868/wish_a_shortterm_short_interest_play/,"$WISH. A short-term, short interest play.",VivasMadness,6805,49996,0,0.33,,0,-1.577030234,-1.75306372
